Country,Year,Exports,FDI,GDP,Capital,Savings,Imports,Inflation,Aid,Remitances,Population,Population_growth,CPIA_EM,CPIA_SIE,CPIA_PSMI,CPIA_SP,CPIA_mean
Angola,2005,36825804857,-3.526655479,2883.978211,NA,41.18765332,30039181512,22.95351385,NA,NA,19433602,3.537557154,2.5,2.6,2.4,2.83333333333333,2.5833333333333326
Angola,2006,42088212372,-0.072001021,3102.650928,NA,43.45458346,31946669537,13.30521018,NA,NA,20149901,3.619574559,2.66666666666667,2.7,2.4,2.83333333333333,2.6500000000000004
Angola,2007,49058020343,-1.368761628,3409.503462,NA,41.49897042,34374616424,12.25149745,NA,NA,20905363,3.68063537,3,2.7,2.4,2.83333333333333,2.7333333333333325
Angola,2008,54267982104,1.896315051,3652.153498,NA,38.65885832,40620484227,12.47582913,NA,0.092709835,21695634,3.710531322,3,2.7,2.4,2.8,2.7249999999999996
Angola,2009,52829598988,3.136662133,3549.577857,NA,27.65786789,40427766593,13.73028393,NA,2.30927e-4,22514281,3.703877683,3,2.9,2.4,2.83333333333333,2.7833333333333328
Angola,2010,51572818661,-3.851110464,3587.883798,23662041647,36.98734332,35682259098,14.46965649,NA,0.021446474,23356246,3.671462401,3,2.8,2.4,2.83333333333333,2.7583333333333324
Angola,2011,48930175170,-2.704874717,3579.960081,NA,37.88854989,39589481387,13.48246792,NA,1.83157e-4,24220661,3.634158626,3,2.8,2.3,2.66666666666667,2.6916666666666673
Angola,2012,51474477981,-1.143768334,3748.449445,NA,37.23299939,39554065387,10.27790492,NA,0.031509531,25107931,3.597774308,3,2.7,2.3,2.66666666666667,2.6666666666666674
Angola,2013,50870218694,-5.208122718,3796.882622,NA,32.02988195,41285999312,8.777814293,NA,0.026799391,26015780,3.551950467,3,2.7,2.3,2.66666666666667,2.6666666666666674
Angola,2014,51228666700,2.510095009,3843.198241,NA,29.96672073,39156268359,7.280387304,NA,0.021254994,26941779,3.497492744,NA,NA,NA,NA,NA
Angola,2015,43703522520,8.630605234,3748.320623,NA,25.02132647,29793878813,10.27804607,NA,0.009565679,27884381,3.438850684,NA,NA,NA,NA,NA
Angola,2016,35664030277,-0.17752253,3530.309423,NA,24.44330788,22423200603,32.37773407,NA,0.003943727,28842484,3.37827278,NA,NA,NA,NA,NA
Angola,2017,44417294584,-6.057209206,3409.929285,NA,26.43720513,24942021222,31.69168614,NA,0.001161277,29816748,3.322080998,NA,NA,NA,NA,NA
Benin,2005,1180646120,-0.182887348,723.1999594,1100331261,12.91120029,1389925276,5.364520858,NA,3.057660183,7982225,2.952383516,4,3.2,3.4,4,3.65
Benin,2006,1179019886,-0.240209747,730.2751667,1078404752,13.60928251,1487649879,3.782176965,NA,3.801740419,8216897,2.897544923,4,3.2,3.3,3.83333333333333,3.5833333333333326
Benin,2007,1501246601,2.328591486,752.2150367,1347426153,15.13558213,1942156023,1.298068133,NA,4.028381831,8454793,2.854085561,4,3.3,3.3,3.66666666666667,3.5666666666666673
Benin,2008,1670374971,0.67317874,767.0313778,1380526748,12.85996089,2053373175,7.947298761,NA,2.902445421,8696921,2.823555548,4,3.3,3.3,3.7,3.575
Benin,2009,1569548443,-0.263935312,763.1545474,1481515189,11.9043925,2139725487,2.156829962,NA,1.774647922,8944708,2.809301752,3.66666666666667,3.3,3.3,3.66666666666667,3.4833333333333347
Benin,2010,1658062054,0.766902232,757.6959074,1623826667,11.16942809,2289878280,2.307356822,NA,2.000405451,9199259,2.806086484,3.5,3.4,3.3,3.66666666666667,3.4666666666666672
Benin,2011,1497761814,2.061551522,758.5752764,1666625526,12.93131449,2156109297,2.720908513,NA,2.200648394,9460830,2.803717973,3.5,3.4,3.3,3.66666666666667,3.4666666666666672
Benin,2012,1858553515,3.453698611,773.1757293,1673161312,13.71102551,2420756003,6.744416882,NA,2.548593079,9729248,2.797648941,3.66666666666667,3.4,3.3,3.5,3.4666666666666677
Benin,2013,2243971050,3.933897273,805.9561235,2433842514,16.68891803,3145884126,0.890008647,NA,2.716175166,10004588,2.790718131,3.83333333333333,3.4,3.3,3.5,3.5083333333333324
Benin,2014,2800607827,4.174097283,833.6303425,2763583478,18.59289351,3653203960,-1.006043873,NA,3.134237407,10286842,2.782181506,3.83333,3.4,3.3,3.5,3.5083325
Benin,2015,2519036970,1.805482664,827.8354579,2657956737,15.33295911,3346537601,0.273667816,NA,2.585446764,10575952,2.771714168,3.83333,3.4,3.3,3.5,3.5083325
Benin,2016,2889006091,1.536205951,837.2168257,2649736252,12.68806318,3544699892,-0.848347682,NA,2.584527841,10872067,2.761409493,3.66666666666667,3.4,3.3,3.16666666666667,3.383333333333335
Benin,2017,3127016288,2.167330474,862.0560569,3131906665,12.32738229,3926909950,0.079070843,NA,2.112032628,11175204,2.750055592,3.83333333333333,3.4,3.3,3.33333333333333,3.466666666666665
Burkina Faso,2005,708674433.4,0.590441074,511.96759049999997,1517674838,11.96846633,1565642547,6.415040184,NA,1.036889905,13421930,2.959187776,4.5,3.6,3.6,3.33333333333333,3.7583333333333324
Burkina Faso,2006,892779356.5,1.440342249,527.9623877,1539629814,10.49271739,1578702908,2.333108564,NA,1.16802369,13829176,2.989062688,4.33333333333333,3.6,3.5,3.33333333333333,3.691666666666665
Burkina Faso,2007,922492247.6,0.320222005,541.268695,1701203456,13.61551061,1625961053,-0.230627306,NA,1.24532834,14252021,3.011815794,4.33333333333333,3.6,3.5,3.33333333333333,3.691666666666665
Burkina Faso,2008,996493885.2,0.394960739,563.4471034,1866377435,13.66398807,1944026932,10.6597979,NA,1.186909983,14689725,3.024954857,4.3,3.6,3.5,3.5,3.725
Burkina Faso,2009,1189856568,0.674222739,562.8419726,2174722228,15.67745182,2122569803,2.608176664,NA,1.146917558,15141098,3.02644987,4.33333333333333,3.6,3.7,3.5,3.7833333333333323
Burkina Faso,2010,1726555039,0.432438272,575.4464527,2200253595,19.38370381,2661670136,-0.764230735,NA,1.340147182,15605217,3.019251293,4.33333333333333,3.6,3.7,3.5,3.7833333333333323
Burkina Faso,2011,2175591172,1.339578746,595.3929889,2650573789,21.21481582,3270285949,2.759767249,NA,2.058722684,16081911,3.008981855,4.16666666666667,3.7,3.7,3.5,3.7666666666666675
Burkina Faso,2012,2266752785,2.949121794,615.0959708,3281351283,23.32151199,4064748425,3.818152403,NA,1.880633726,16571246,2.997392478,4.16666666666667,3.7,3.7,3.5,3.7666666666666675
Burkina Faso,2013,2675740110,4.103597507,631.6102606,3597938672,19.50981375,4621774822,0.533738507,NA,2.581211156,17072775,2.981606475,4.16666666666667,3.7,3.7,3.5,3.7666666666666675
Burkina Faso,2014,2894697538,2.882850829,639.7080956,3045172695,17.80454912,4219887459,-0.258089518,NA,3.19761164,17586017,2.961900814,4,3.6,3.5,3.5,3.65
Burkina Faso,2015,2934708045,2.224797992,645.3698606,3365270012,15.25811977,4584483230,0.954993317,NA,3.693440853,18110624,2.939462977,3.83333333333333,3.6,3.5,3.5,3.6083333333333325
Burkina Faso,2016,NA,3.585744466,664.0236306,3378771017,15.24975405,NA,-0.244764126,NA,3.647720678,18646378,2.915319071,3.83333333333333,3.7,3.5,3.5,3.6333333333333324
Burkina Faso,2017,NA,0.020825805,685.7574861,3605931546,17.18518546,NA,0.361247097,NA,3.374293691,19193284,2.890850806,3.66666666666667,3.7,3.4,3.5,3.5666666666666678
Burundi,2005,105299615.1,0.052340423,221.0963747,286841004.5,15.3535761,432828006.3,13.25206992,NA,0.006405991,7364862,3.217165882,3.33333333333333,3,2.7,2.83333333333333,2.9666666666666655
Burundi,2006,116371317.1,0.002481106,225.6222104,285847071.2,8.009435489,557300862.9,2.745420002,NA,9.00832e-4,7607849,3.246016505,3.16666666666667,3.1,2.7,3,2.9916666666666676
Burundi,2007,129649045.8,0.036885808,225.8590853,278621059.7,7.336470748,542240309.6,8.412062858,NA,0.014005975,7862214,3.288776865,3.16666666666667,3.3,2.6,3,3.0166666666666675
Burundi,2008,209754838.7,0.23781629,229.1485451,259902995.8,-1.504462878,662798658.6,24.40695104,NA,0.226153089,8126102,3.301310362,3.3,3.3,2.6,2.8,3
Burundi,2009,135087050.1,0.019557301,230.1925985,288420193.8,9.853377868,538721094.8,10.55543553,NA,1.58478021,8397668,3.287269847,3.33333333333333,3.3,2.6,3,3.0583333333333322
Burundi,2010,197117152.2,0.038411912,234.2356469,334497232.3,3.216160891,605576379.8,6.493265915,NA,1.69766897,8675602,3.256066998,3.33333333333333,3.4,2.6,3,3.0833333333333326
Burundi,2011,194041044.1,0.150056708,235.9887667,325601058.1,1.95368778,666941130.8,9.59216606,NA,2.033399792,8958406,3.207759114,3.16666666666667,3.4,2.7,3.16666666666667,3.1083333333333347
Burundi,2012,269458290.1,0.025925408,238.8160458,323075634.1,10.88161509,747370498.1,18.16104531,NA,1.990035054,9245988,3.159741833,3.33333333333333,3.6,2.7,3.33333333333333,3.241666666666665
Burundi,2013,215065793.8,4.761214324,242.8459947,323373331.6,3.933888146,839575971.7,7.937958075,NA,1.983968482,9540289,3.13340508,3.33333333333333,3.6,2.7,3.33333333333333,3.241666666666665
Burundi,2014,211591266.7,3.021202699,245.3267387,323138042,0.617073291,795213831.6,4.405352342,NA,2.079345822,9844297,3.136852423,3.33333,3.6,2.8,3.33333,3.2666649999999997
Burundi,2015,182391671.9,1.598471459,228.4325442,307685747.5,11.22352302,779309554.9,5.544688913,NA,1.644155773,10160030,3.156909217,2.83333333333333,3.6,2.5,3.33333333333333,3.066666666666665
Burundi,2016,193335172.3,0.001872825,219.9614978,223521072.7,5.867362073,688909646.5,5.557689614,NA,1.056914492,10487998,3.177016087,2.66666666666667,3.5,2.4,3.33333333333333,2.975
Burundi,2017,254614318.2,0.009975786,214.1392462,219020677.6,NA,778859200.2,16.0525353,NA,1.060709367,10827024,3.181367524,2.66666666666667,3.5,2.3,3.16666666666667,2.9083333333333345
Cabo Verde,2005,NA,8.283481402,2705.134635,NA,NA,NA,0.418891613,NA,14.06335605,463032,1.395120105,4.16666666666667,4.3,3.9,4,4.091666666666667
Cabo Verde,2006,NA,11.8730056,2882.889946,NA,NA,NA,5.369076871,NA,12.32731384,469170,1.316900995,4.33333333333333,4.3,3.9,3.83333333333333,4.091666666666665
Cabo Verde,2007,567044467,12.66662624,3279.078357,676831437.5,37.417891,1024402010,4.410997042,NA,9.167749572,475060,1.247593573,4.5,4.3,4,3.83333333333333,4.158333333333332
Cabo Verde,2008,611706642.9,11.78671611,3455.101767,693689850.5,37.31334808,1020986132,6.774435464,NA,8.66445351,480842,1.209762197,4.5,4.3,4,3.8,4.15
Cabo Verde,2009,508758704.8,7.36080661,3370.350236,634425642.8,33.42820085,949612601.6,0.991103481,NA,7.922591413,486671,1.204959629,4.5,4.3,4,3.83333333333333,4.158333333333332
Cabo Verde,2010,543735621.9,6.981903001,3378.25486,752172068.3,34.59533037,1028011941,2.078664709,NA,7.865710956,492654,1.221877199,4.33333333333333,4.3,4,3.83333333333333,4.1166666666666645
Cabo Verde,2011,603111370.4,5.482896928,3468.667055,796595735.9,34.0316887,1076188370,4.473883422,NA,9.484809932,498856,1.251037486,3.83333333333333,4.2,4,4,4.008333333333333
Cabo Verde,2012,684364453.4,7.306969608,3461.926651,606242183.9,28.22541865,991909457,2.540396442,NA,10.10165282,505235,1.270619062,3.66666666666667,4,4,4,3.9166666666666674
Cabo Verde,2013,688405790.9,4.825662775,3445.305377,531834854.5,28.62868743,928850455.8,1.506542857,NA,9.506683782,511748,1.280864881,3.66666666666667,4,4.1,4,3.9416666666666673
Cabo Verde,2014,679974568.7,9.709658571,3422.748802,615798646.5,25.92430204,1031473544,-0.238778145,NA,10.5910007,518269,1.266209611,3.66666666666667,4,4,3.83333333333333,3.875
Cabo Verde,2015,780293748.5,6.01649897,3414.557984,NA,28.15598422,1050510234,0.131187999,NA,12.58163087,524743,1.241420644,3.66667,3.8,4,3.83333,3.825
Cabo Verde,2016,815000901.3,7.595436351,3532.140211,NA,32.79417536,1127865182,NA,NA,12.71040272,531146,1.212831744,3.5,3.8,3.8,3.83333333333333,3.7333333333333325
Cabo Verde,2017,881998309.1,6.306987684,3630.483792,NA,30.77854698,1305991937,NA,NA,12.24841805,537497,1.188624222,3.33333333333333,3.9,3.9,3.83333333333333,3.741666666666665
Cameroon,2005,5430241777,1.357019676,1241.869141,4694859156,18.78096025,5674829839,2.013539502,NA,0.429046893,17733410,2.709802767,3.33333333333333,3.4,3.1,3.33333333333333,3.291666666666665
Cameroon,2006,5626214332,0.305174785,1250.244179,4754637319,20.59266871,5759464893,5.11757816,NA,0.671331174,18223674,2.727108707,3.5,3.2,3,3.16666666666667,3.2166666666666672
Cameroon,2007,6441041448,0.84653983,1276.059915,4801454089,19.86815292,6529231227,0.921402246,NA,0.748209107,18730282,2.742005436,3.66666666666667,3.1,3,3.16666666666667,3.2333333333333347
Cameroon,2008,6240112553,0.079178526,1284.747735,5883432026,20.94643054,7327206214,5.337806276,NA,0.613464468,19252666,2.750797225,3.7,3.1,2.9,3.2,3.2250000000000005
Cameroon,2009,5562718484,2.856818949,1277.35008,5906744629,19.32988182,6761800853,3.043618479,NA,0.708626936,19789919,2.752312198,3.66666666666667,3.1,2.9,3.16666666666667,3.208333333333335
Cameroon,2010,5796645110,2.049213283,1285.261726,6135433303,17.97468978,7046206466,1.275380462,NA,0.439335029,20341241,2.747773491,3.5,3.1,2.9,3.16666666666667,3.1666666666666674
Cameroon,2011,6248595476,2.223852486,1302.155553,6856814108,18.91634391,7936103421,2.939699463,NA,0.747366597,20906388,2.740435666,3.66666666666667,3,2.9,3.16666666666667,3.183333333333335
Cameroon,2012,6451567550,1.812074547,1324.637966,7043641570,17.99543084,8062695636,2.735296775,NA,0.722981731,21485266,2.731263968,3.83333333333333,3,2.9,3.16666666666667,3.225
Cameroon,2013,6719321917,1.691747967,1358.7833,7434680111,17.60713778,8666881927,2.05034718,NA,0.75447643,22077298,2.718244285,3.83333333333333,3,2.9,3.16666666666667,3.225
Cameroon,2014,7073269967,2.074493154,1400.387017,8400769274,19.06655682,9416354036,1.854898504,NA,0.809779105,22681858,2.701555717,3.66666666666667,3,2.9,3.16666666666667,3.183333333333335
Cameroon,2015,7523720036,2.244962642,1440.3788,8614010289,16.65843239,9384557630,2.676235314,NA,0.781498566,23298368,2.68179173,3.5,3,2.9,3.16667,3.1416675
Cameroon,2016,7476091850,2.034819735,1467.760752,9025857094,17.23579113,9240283949,0.874190383,NA,0.824304123,23926539,2.660494609,3.5,3.1,3,3.16666666666667,3.1916666666666673
Cameroon,2017,7357089854,2.330861538,1480.287885,9386053829,18.22794187,9187044764,0.64040915,NA,0.906576993,24566045,2.637694363,3.66666666666667,3.1,3,3.33333333333333,3.275
Central African Republic,2005,NA,0.755217887,417.0950002,NA,NA,NA,2.883520734,NA,NA,4038382,1.963165759,2.5,2.2,2.2,2.66666666666667,2.3916666666666675
Central African Republic,2006,NA,2.373745081,428.5388556,NA,NA,NA,6.695264658,NA,NA,4118069,1.954024747,2.5,2.2,2.2,2.66666666666667,2.3916666666666675
Central African Republic,2007,NA,3.343021816,439.7474438,NA,NA,NA,0.92841211,NA,NA,4198010,1.922623931,2.83333333333333,2.2,2.3,2.66666666666667,2.5
Central African Republic,2008,NA,5.899031947,440.8666944,NA,NA,NA,9.272618503,NA,NA,4273366,1.779120362,2.8,2.2,2.3,2.7,2.5
Central African Republic,2009,174564211.5,2.053330203,471.6330754,301060139.4,NA,439413908.7,3.5199021,NA,NA,4337625,1.49251562,3,2.5,2.4,2.66666666666667,2.6416666666666675
Central African Republic,2010,248850643.2,2.87409055,487.9453833,345400654.6,NA,488134922.5,1.493233784,NA,NA,4386768,1.126577396,3.33333333333333,2.5,2.5,2.66666666666667,2.75
Central African Republic,2011,361848691,1.515876906,504.7460502,299952133.3,NA,475277196.3,1.300569969,NA,NA,4418636,0.723831391,3.33333333333333,2.6,2.6,2.5,2.7583333333333324
Central African Republic,2012,386274135,2.789944901,528.1297068,256712868.2,NA,498560440.9,5.772250594,NA,NA,4436415,0.401556668,3.33333333333333,2.6,2.4,2.5,2.7083333333333326
Central African Republic,2013,290507690.4,0.108947588,336.9299195,88079734.25,NA,305731737.6,1.501845124,NA,NA,4447942,0.259489943,3,2.3,2.2,2.5,2.5
Central African Republic,2014,330028052,0.182434792,336.0984185,294631676.8,NA,485442386.7,25.28281065,NA,NA,4464175,0.364290952,2.83333,2.2,2.2,2.5,2.4333325
Central African Republic,2015,363098419.1,0.175518539,349.1660974,313309012.5,NA,535931151.9,37.14221481,NA,NA,4493170,0.647403919,3,2.3,2.2,2.33333,2.4583325
Central African Republic,2016,342031099.3,0.393077828,363.0493644,218162360.9,NA,576220016.3,NA,NA,NA,4537687,0.985894486,2.83333333333333,2.3,2.2,2.33333333333333,2.4166666666666647
Central African Republic,2017,429618564.7,0.317034864,374.4176187,207670082.9,NA,592214075.6,NA,NA,NA,4596028,1.277504136,2.83333333333333,2.3,2.3,2.5,2.4833333333333325
Chad,2005,NA,-1.494622354,832.7450383,NA,NA,NA,7.890365675,NA,NA,10096633,3.649829765,3.33333333333333,2.8,2.4,3,2.8833333333333324
Chad,2006,NA,-3.751147254,809.2498849,NA,NA,NA,8.03628898,NA,NA,10457124,3.50814667,3,2.6,2.4,3,2.75
Chad,2007,3782905267,-3.723414101,807.8438943,1868683439,NA,3199095794,-8.97473962,NA,NA,10818024,3.393016334,2.66666666666667,2.6,2.2,2.83333333333333,2.575
Chad,2008,3739145130,4.502840366,805.2923385,1918826097,NA,3259600305,10.29697582,NA,NA,11183588,3.32337145,2.7,2.4,2.2,2.8,2.525
Chad,2009,3228322501,4.051446953,811.9192455,2761171341,NA,3981697864,9.952422907,NA,NA,11560147,3.311623295,2.5,2.4,2.2,2.83333333333333,2.4833333333333325
Chad,2010,3926896180,2.936842259,891.6988174,3583345173,NA,4640908894,-2.077865746,NA,NA,11952136,3.334642775,2.5,2.3,2.2,2.5,2.375
Chad,2011,4218495915,2.318946842,862.9194279,3016533578,NA,4536850230,-3.704295704,NA,NA,12360989,3.363545784,2.5,2.5,2.2,2.5,2.425
Chad,2012,4330331525,4.687821048,908.4261224,3530621553,NA,5042133230,14.01820542,NA,NA,12784750,3.370758938,2.66666666666667,2.5,2.2,2.66666666666667,2.508333333333335
Chad,2013,3737076087,4.017039751,928.5631895,3546865882,NA,4749689520,0.145451048,NA,NA,13220424,3.350985214,2.83333333333333,2.5,2.4,2.66666666666667,2.6
Chad,2014,3946352413,-4.852284754,960.44092,3996757162,NA,5182381981,1.680835875,NA,NA,13663559,3.296945541,3,2.5,2.6,2.66667,2.6916675
Chad,2015,5098688161,5.112758641,955.7273254,2805723513,NA,4052614403,3.669900434,NA,NA,14110975,3.222050147,3.16667,2.6,2.7,2.66667,2.783335
Chad,2016,4899782474,2.423128465,868.2116954,2208859370,NA,3631137609,NA,NA,NA,14561666,3.143959589,3,2.6,2.7,2.66666666666667,2.7416666666666676
Chad,2017,4963479599,3.358134158,816.7373633,1662429029,NA,3583932871,NA,NA,NA,15016773,3.077531708,2.66666666666667,2.6,2.7,2.66666666666667,2.658333333333335
Comoros,2005,63603400.24,0.08547372,1286.613106,141976468.8,8.559628451,230101285.1,3.013323951,NA,8.267358537,611627,2.382366955,2.33333333333333,2.7,2.3,2.33333333333333,2.4166666666666647
Comoros,2006,65286921.05,0.111452579,1289.471094,145734449.3,10.45837538,236191844.6,3.374363601,NA,9.048487778,626425,2.39064349,2,2.7,2.2,2.5,2.35
Comoros,2007,64758844.95,0.966722065,1269.005529,141258949.9,12.79261542,217909559.7,4.466167101,NA,9.306018776,641620,2.396717366,2,2.7,2.2,2.66666666666667,2.3916666666666675
Comoros,2008,64111256.5,0.507893598,1288.421346,161176461.9,11.80705012,245148254.6,1.700781763,NA,11.06584705,657229,2.403628365,2,2.5,2.2,2.7,2.35
Comoros,2009,76228284.08,1.528661089,1298.007347,155051756.3,13.87334649,279714158.6,4.362348293,NA,11.09057403,673252,2.408719056,2.33333333333333,2.6,2.4,2.66666666666667,2.5
Comoros,2010,87433841.78,0.919669971,1315.214806,162029085.4,13.84311138,271322733.7,3.354757703,NA,9.609486925,689692,2.412541877,2.33333333333333,2.6,2.4,2.83333333333333,2.541666666666665
Comoros,2011,90931195.29,2.259676766,1336.433611,178069964.7,10.80097458,287330775,1.842663008,NA,10.57329225,706569,2.417574078,2.5,2.7,2.4,3,2.65
Comoros,2012,89476296.24,1.02133806,1346.237353,216533077.3,12.03099472,332441706.7,6.314744503,NA,10.84847209,723871,2.419233782,2.83333333333333,2.8,2.5,3,2.7833333333333323
Comoros,2013,99139736.33,0.379103685,1373.36033,225410933.4,NA,342747399.7,-4.294873315,NA,10.38956668,741505,2.406870493,2.83333333333333,2.8,2.4,3,2.7583333333333324
Comoros,2014,106079517.8,0.407551775,1369.176631,226087166.3,NA,361255759.4,NA,NA,10.97159208,759390,2.383357478,2.66667,2.8,2.4,3,2.7166675
Comoros,2015,110853096,0.499394597,1352.126772,233321955.4,NA,364868317,NA,NA,13.03372701,777424,2.347041066,2.83333,2.9,2.6,3,2.8333325
Comoros,2016,121716699.6,0.348372608,1350.161396,241021573,NA,361219633.8,NA,NA,12.74676048,795592,2.310060155,2.83333333333333,2.9,2.7,3,2.8583333333333325
Comoros,2017,131940902.2,0.366063914,1355.539396,253487600.4,NA,382892811.9,NA,NA,12.3675099,813892,2.274118744,2.83333333333333,2.8,2.6,3,2.8083333333333322
"Congo, Dem. Rep.",2005,7409634526,1.504452594,300.5624225,2300618718,7.362421648,6719969292,21.31681672,NA,0.074386823,54785903,3.184222392,3.16666666666667,2.9,2.3,3,2.8416666666666677
"Congo, Dem. Rep.",2006,6715584858,1.772085029,306.5282607,2740366281,11.82503263,5930563552,13.05269497,NA,0.088569654,56578037,3.21879547,3.16666666666667,2.9,2.3,3,2.8416666666666677
"Congo, Dem. Rep.",2007,8510660691,10.80236746,315.2638635,3077431334,13.0705812,7713529191,16.94510065,NA,0.052577895,58453683,3.261382602,3.16666666666667,2.9,2.3,3,2.8416666666666677
"Congo, Dem. Rep.",2008,8909385144,8.726273415,324.0403128,3274386939,3.45318657,7180469323,17.30138457,NA,0.07428551,60411195,3.293973839,3.2,2.9,2.2,2.7,2.75
"Congo, Dem. Rep.",2009,6389761812,-1.304135197,322.4182544,5443098514,8.543635858,7180469323,2.8,NA,0.104566761,62448574,3.31689666,3.16666666666667,2.8,2.2,2.5,2.666666666666668
"Congo, Dem. Rep.",2010,8865916412,12.71601409,334.0215726,6194086993,19.94035814,10704459171,7.1,NA,0.072800722,64563854,3.331131654,3.33333333333333,2.8,2.2,2.33333333333333,2.6666666666666647
"Congo, Dem. Rep.",2011,11083967084,6.176624593,345.2661148,10413293604,19.16813834,13869099191,15.31651591,NA,4.363432444,66755153,3.337677422,3.16666666666667,2.8,2.2,2.5,2.666666666666668
"Congo, Dem. Rep.",2012,12349643744,9.866868697,357.5982959,10717960025,8.158000689,17622802354,9.721828063,NA,2.920379061,69020747,3.337564776,3.16666666666667,2.8,2.2,2.66666666666667,2.7083333333333353
"Congo, Dem. Rep.",2013,13649643546,5.194611572,375.2191755,10636105117,12.53924972,19035638524,0.808223101,NA,3.064155587,71358807,3.331362952,3.33333333333333,2.8,2.4,3,2.8833333333333324
"Congo, Dem. Rep.",2014,16568876722,4.176029605,397.3416705,11205908145,15.39313479,20684175569,1.243038898,NA,2.106462278,73767447,3.319676665,3.5,2.9,2.5,3,2.975
"Congo, Dem. Rep.",2015,17247853116,3.074342219,411.0205731,10150212622,13.34757249,19345887174,0.744198995,NA,3.07657919,76244544,3.30283221,3.5,3,2.5,3,3
"Congo, Dem. Rep.",2016,17096830235,2.510784143,407.2896431,11212600482,10.85437248,18627983169,2.885851073,NA,1.598178192,78789127,3.282914628,3.16666666666667,3,2.5,3,2.9166666666666674
"Congo, Dem. Rep.",2017,18352462301,2.756443254,408.9247934,13824836621,21.65137312,20442951882,NA,NA,2.83091979,81398764,3.258508351,2.83333333333333,3,2.5,3,2.8333333333333326
"Congo, Rep.",2005,8119857436,13.15912311,2569.279771,1582160801,24.72249939,3733619545,3.094490115,NA,0.186875121,3622775,3.149094483,3,2.9,2.6,2.66666666666667,2.7916666666666674
"Congo, Rep.",2006,8558027995,19.24256631,2640.318294,1987510394,25.34882669,4606171445,6.537843953,NA,0.170682231,3745141,3.321895971,2.83333333333333,2.7,2.7,2.83333333333333,2.7666666666666653
"Congo, Rep.",2007,7287068177,16.9436981,2510.735183,1981575185,15.60115151,4934821394,2.654646451,NA,0.198518864,3876119,3.437512885,2.5,2.7,2.6,2.83333333333333,2.6583333333333328
"Congo, Rep.",2008,7779748570,16.35987839,2561.193776,2031990756,20.42913239,5287061488,4.95875092,NA,0.182392394,4011486,3.432735093,2.8,2.7,2.6,2.8,2.7249999999999996
"Congo, Rep.",2009,8648659503,12.34460901,2663.576618,2377807228,15.79913805,5363342569,4.415003748,NA,0.353912214,4145391,3.283536842,3,2.7,2.6,3,2.825
"Congo, Rep.",2010,10221068210,12.66455723,2809.694957,2434112628,27.09486282,6568061913,0.391525011,NA,0.275691499,4273731,3.049010156,3.16666666666667,2.8,2.6,3,2.8916666666666675
"Congo, Rep.",2011,11295995618,2.067767391,2825.727121,3336584470,29.65591808,7223420112,1.759587043,NA,0.430794667,4394844,2.794481941,3.5,2.9,2.6,3,3
"Congo, Rep.",2012,11230039650,-0.506318637,2858.08611,3467879516,26.99437799,6717775978,5.010187731,NA,0.499702526,4510198,2.590901936,3.5,3,2.5,3,3
"Congo, Rep.",2013,10107030104,13.33483829,2884.436281,4047602793,20.11997744,7295504662,4.631616197,NA,0.511411557,4622761,2.465109065,3.66666666666667,3,2.5,3,3.0416666666666674
"Congo, Rep.",2014,10569935797,20.36515297,3005.736912,4965417446,27.15862304,7779202075,0.912139545,NA,0.292986527,4736974,2.440638958,3.66667,3,2.5,3,3.0416675
"Congo, Rep.",2015,10094290988,50.01801762,3009.600686,4850018538,11.15313066,7312448312,3.169097968,NA,0.348227693,4856095,2.483608177,3.5,3,2.5,3,3
"Congo, Rep.",2016,9888386138,0.559707788,2851.975419,3335934501,-4.410426886,6656441100,3.190561797,NA,0.085269077,4980999,2.539585634,3,2.9,2.5,3,2.85
"Congo, Rep.",2017,11134322791,50.63641106,2693.4285,1565148235,NA,3887361602,0.450063823,NA,NA,5110702,2.570629914,2.66666666666667,2.8,2.5,2.83333333333333,2.7
Cote d'Ivoire,2005,NA,2.042272411,1215.001719,NA,11.01508275,NA,3.885830399,NA,0.955074788,18354514,2.114434812,2,2.3,2.5,3.16666666666667,2.4916666666666676
Cote d'Ivoire,2006,NA,1.969861651,1207.086746,NA,10.61587165,NA,2.467191486,NA,0.936816307,18754916,2.158036592,1.83333333333333,2.3,2.5,3.16666666666667,2.4499999999999997
Cote d'Ivoire,2007,NA,2.178644623,1201.716606,NA,9.583601854,NA,1.892006293,NA,0.907863966,19171237,2.195517817,2.33333333333333,2.3,2.4,3.16666666666667,2.55
Cote d'Ivoire,2008,11150232648,1.925661163,1204.975163,2408468913,13.94785894,8361998618,6.308527692,NA,0.82112302,19605569,2.240257565,2.5,2.3,2.5,3.3,2.65
Cote d'Ivoire,2009,13168679710,1.631267084,1216.021519,2496081559,15.36975657,9589812107,1.019504577,NA,1.29782,20059147,2.287160067,2.83333333333333,2.4,2.6,3.33333333333333,2.791666666666665
Cote d'Ivoire,2010,12599682053,1.439124162,1211.930285,3064908998,15.31130005,10781657067,1.226456121,NA,1.500843925,20532950,2.334565367,2.66666666666667,2.4,2.4,3.33333333333333,2.7
Cote d'Ivoire,2011,13000049911,1.188172175,1131.444563,1883905288,13.47160661,8478420797,4.912433951,NA,1.562562684,21028655,2.385511855,2.83333333333333,2.6,2.7,3.33333333333333,2.866666666666665
Cote d'Ivoire,2012,12789439142,1.232800624,1222.439323,2768516657,15.11027097,11428465157,1.304511199,NA,1.370284606,21547188,2.435928938,3.33333333333333,2.8,2.8,3.33333333333333,3.066666666666665
Cote d'Ivoire,2013,12123287361,1.303332493,1298.544812,4277951569,17.72773002,10592830880,2.581170373,NA,1.230383199,22087505,2.476674322,3.5,2.9,3,3.33333333333333,3.1833333333333327
Cote d'Ivoire,2014,12664651869,1.242401253,1377.796503,5084835846,21.23925951,10624909334,0.448682077,NA,1.094953709,22647683,2.504548687,3.66667,2.9,3.1,3.33333,3.25
Cote d'Ivoire,2015,13541928276,1.491679289,1462.283922,5829266461,19.49626016,12315634174,1.251499548,NA,1.014897388,23226143,2.522094681,3.66667,3,3.1,3.33333,3.275
Cote d'Ivoire,2016,13844146723,1.636058549,1539.315735,6000498118,19.25846536,12546966124,0.723178458,NA,0.969495443,23822714,2.536099761,3.66666666666667,3.2,3.2,3.33333333333333,3.35
Cote d'Ivoire,2017,16278145770,2.555885411,1616.169292,6712583150,14.56801665,13488741150,0.685881065,NA,0.806454973,24437469,2.54780739,3.66666666666667,3.3,3.2,3.33333333333333,3.3750000000000004
Eritrea,2005,80578581.32,0.130327756,778.5755356,423659341.6,NA,953320867.4,NA,NA,NA,2826659,3.853599765,2.16666666666667,3.2,2.8,1.83333333333333,2.5000000000000004
Eritrea,2006,92744797.49,1.269492544,746.8417515,254040260.9,NA,583233580.8,NA,NA,NA,2918205,3.187325236,2.16666666666667,3,2.8,1.83333333333333,2.4499999999999997
Eritrea,2007,80567444.37,0.546786308,737.6964689,223277717.9,NA,409235979,NA,NA,NA,2996536,2.648825363,2.16666666666667,3,2.7,1.83333333333333,2.425
Eritrea,2008,63347724.06,2.825700368,651.1331109,210657770,NA,368390841.5,NA,NA,NA,3062779,2.18657189,2.2,3,2.7,1.5,2.35
Eritrea,2009,86288203.18,4.901180484,663.9865734,183217250.5,NA,444066063.7,NA,NA,NA,3119920,1.84846867,1.83333333333333,2.8,2.7,1.5,2.208333333333332
Eritrea,2010,101385281.3,4.298455436,667.7441778,196867869.9,NA,494229450.4,NA,NA,NA,3170435,1.606144198,1.83333333333333,2.8,2.7,1.5,2.208333333333332
Eritrea,2011,337683409,1.495547962,715.8725423,225555929.9,NA,546421012.3,NA,NA,NA,3213972,1.363875294,1.83333333333333,2.7,2.6,1.5,2.1583333333333323
Eritrea,2012,NA,NA,NA,NA,NA,NA,NA,NA,NA,NA,NA,1.5,2.7,2.6,1.5,2.075
Eritrea,2013,NA,NA,NA,NA,NA,NA,NA,NA,NA,NA,NA,1.33333333333333,2.7,2.6,1.33333333333333,1.991666666666665
Eritrea,2014,NA,NA,NA,NA,NA,NA,NA,NA,NA,NA,NA,1.33333,2.7,2.6,1.33333,1.9916650000000002
Eritrea,2015,NA,NA,NA,NA,NA,NA,NA,NA,NA,NA,NA,1.33333,2.6,2.5,1.33333,1.941665
Eritrea,2016,NA,NA,NA,NA,NA,NA,NA,NA,NA,NA,NA,1.33333333333333,2.4,2.5,1.16666666666667,1.85
Eritrea,2017,NA,NA,NA,NA,NA,NA,NA,NA,NA,NA,NA,1.33333333333333,2.4,2.5,1.16666666666667,1.85
Ethiopia,2005,NA,2.137800937,233.9441905,NA,NA,NA,9.969971235,NA,1.399221469,76346311,2.798329264,3.66666666666667,3.6,3.1,3.16666666666667,3.383333333333335
Ethiopia,2006,NA,3.568235274,252.2122882,NA,NA,NA,12.29947631,NA,1.126594271,78489206,2.768139861,3.5,3.6,3.3,3.16666666666667,3.391666666666667
Ethiopia,2007,NA,1.126470925,273.4921198,NA,NA,NA,17.24040083,NA,1.815735658,80674348,2.745954395,3.5,3.7,3.3,3.16666666666667,3.4166666666666674
Ethiopia,2008,NA,0.400997134,294.8054278,NA,NA,NA,44.35668588,NA,1.428667802,82916235,2.741022523,3.3,3.6,3.3,3.2,3.3499999999999996
Ethiopia,2009,NA,0.682729367,312.0338494,NA,NA,NA,8.483644045,NA,0.806482761,85233913,2.756851322,3.66666666666667,3.6,3.2,3.16666666666667,3.408333333333335
Ethiopia,2010,NA,0.963030625,341.5541149,NA,NA,NA,8.14926403,NA,1.153047348,87639964,2.783770941,3.66666666666667,3.6,3.2,3.16666666666667,3.408333333333335
Ethiopia,2011,NA,1.960736724,369.2024078,NA,33.08468803,NA,33.24995988,NA,1.606240342,90139927,2.812610345,3.66666666666667,3.7,3.3,3.16666666666667,3.4583333333333353
Ethiopia,2012,NA,0.643172898,389.9389667,NA,31.12867379,NA,24.12435395,NA,2.164650625,92726971,2.829617214,3.5,3.7,3.4,3.16666666666667,3.4416666666666673
Ethiopia,2013,NA,2.820412334,419.1838603,NA,28.33477868,NA,8.079723678,NA,1.748295051,95385785,2.827018361,3.5,3.7,3.4,3.16666666666667,3.4416666666666673
Ethiopia,2014,NA,3.335687913,449.4203771,NA,31.45033178,NA,7.402193468,NA,3.230184878,98094253,2.799921862,3.5,3.7,3.5,3.16666666666667,3.4666666666666672
Ethiopia,2015,NA,4.074363685,482.6390663,NA,29.54187759,NA,10.11074774,NA,1.686177576,100835458,2.756127788,3.5,3.8,3.5,3.16667,3.4916675
Ethiopia,2016,NA,5.370788405,514.0573068,NA,30.34378151,NA,7.263731539,NA,1.039750396,103603501,2.708106304,3.66666666666667,3.7,3.5,3,3.4666666666666677
Ethiopia,2017,NA,4.915981574,548.1174956,NA,30.81665336,NA,9.848250242,NA,0.480915457,106400024,2.663467978,3.5,3.7,3.5,3,3.425
"Gambia, The",2005,NA,8.595414957,490.694451,NA,13.09226847,NA,4.838621775,NA,9.501222377,1543741,3.106160117,3,3.1,2.9,3.33333333333333,3.0833333333333326
"Gambia, The",2006,NA,12.54951289,481.3363054,NA,20.45564215,NA,2.056503425,NA,9.735373433,1591445,3.043371713,3,3.1,2.9,3.33333333333333,3.0833333333333326
"Gambia, The",2007,NA,9.775470382,484.0903839,NA,13.04682694,NA,5.369134737,NA,6.967523686,1639848,2.996114606,3.33333333333333,3.1,3,3.5,3.2333333333333325
"Gambia, The",2008,NA,7.330065158,496.8718852,NA,4.66412178,NA,4.44365491,NA,6.710791963,1689285,2.970180788,3.5,3.2,2.9,3.3,3.2249999999999996
"Gambia, The",2009,NA,4.379925844,513.420133,NA,11.59480162,NA,4.561581547,NA,8.860498581,1740279,2.974008271,3.5,3.3,2.9,3.33333333333333,3.2583333333333324
"Gambia, The",2010,226367271.2,3.902147436,530.7876934,202917863.8,7.404641053,406575753.2,5.048936576,NA,12.15573512,1793196,2.995405745,3.5,3.4,3,3.5,3.35
"Gambia, The",2011,NA,4.016197033,492.885645,NA,6.617838918,NA,4.796484979,NA,10.17030726,1848147,3.018401286,3.5,3.5,3.2,3.66666666666667,3.4666666666666672
"Gambia, The",2012,NA,4.525524625,504.9497137,NA,18.81736832,NA,4.254534775,NA,11.68641719,1905011,3.030426733,3.33333333333333,3.4,3,3.66666666666667,3.35
"Gambia, The",2013,NA,4.999139977,513.3143641,NA,6.656055974,NA,5.699730297,NA,8.03408054,1963711,3.034826759,3,3.4,3,3.66666666666667,3.2666666666666675
"Gambia, The",2014,NA,1.827873626,493.3314028,NA,9.291539483,NA,5.947374922,NA,10.94235478,2024042,3.026045177,2.66667,3.4,3,3.5,3.1416675
"Gambia, The",2015,NA,-0.121416874,506.8026179,NA,4.435660568,NA,6.808326252,NA,9.752459115,2085860,3.008473803,2.16667,3.3,2.9,3.33333,2.925
"Gambia, The",2016,NA,-0.078508023,493.8754303,NA,9.690633606,NA,7.228792721,NA,14.37769161,2149139,2.988605658,2.16666666666667,3.3,2.9,3.33333333333333,2.9250000000000003
"Gambia, The",2017,NA,0.365609952,501.2810151,NA,12.04451894,NA,8.034189745,NA,15.319678,2213894,2.968565918,2.33333333333333,3.3,2.9,3.33333333333333,2.966666666666665
Ghana,2005,NA,1.350866032,1075.865772,NA,19.22743674,NA,15.11818572,NA,0.924226217,21814642,2.517455761,4.16666666666667,3.7,3.7,3.83333333333333,3.85
Ghana,2006,5123635387,3.116219155,1115.849718,5411560387,17.80673723,8789346800,10.915169970000001,NA,0.515702878,22379055,2.554408108,4.16666666666667,3.8,3.9,3.83333333333333,3.925
Ghana,2007,6054482949,5.586606897,1134.697635,6243915517,6.76655713,10694820753,10.73272807,NA,0.474027895,22963946,2.5799944,4,3.9,3.9,4,3.95
Ghana,2008,7068161752,9.517042508,1206.990406,6766464061,4.382194025,13329155284,16.52214331,NA,0.442055547,23563825,2.578727625,3.7,4,3.9,4,3.9
Ghana,2009,7606775298,9.132935172,1233.677561,5064172390,11.05796691,11656240382,19.25071443,NA,0.440589539,24170940,2.54383881,3.66666666666667,3.9,3.8,4,3.8416666666666677
Ghana,2010,9484067086,7.855067085,1298.436952,3785069951,4.875990724,14768574004,10.70756812,NA,0.422231915,24779619,2.487041563,3.66666666666667,4,3.7,4.16666666666667,3.883333333333335
Ghana,2011,14590486334,8.207966429,1445.360889,4752682861,3.84344109,20687766636,8.726836831,NA,5.395093844,25387710,2.424369788,3.83333333333333,3.9,3.7,4.16666666666667,3.9
Ghana,2012,16806198860,7.855367882,1542.685183,6765489813,5.17468875,23332918228,7.12635006,NA,5.139506269,25996449,2.369475311,3.5,4,3.7,4,3.8
Ghana,2013,16200348656,5.099781812,1617.466754,4996855114,17.42305348,23863291381,11.66619231,NA,2.945752185,26607642,2.323851599,3,4,3.7,4,3.675
Ghana,2014,15255525916,6.27484841,1626.622783,4941244207,20.66934445,20415065107,15.48961603,NA,3.745875516,27224472,2.291780693,2.5,3.9,3.4,3.66667,3.3666675
Ghana,2015,15212320881,6.490850221,1624.769624,4806620462,24.47444004,22034451742,17.1499695,NA,10.1306516,27849205,2.268814549,3,3.9,3.7,3.66667,3.5666675000000003
Ghana,2016,17463781038,6.335848825,1643.448745,5394616989,24.93094206,21782666894,17.45463471,NA,5.417103797,28481946,2.246599268,3,3.8,3.6,3.66666666666667,3.5166666666666675
Ghana,2017,20344953081,5.517233665,1738.251931,5294880839,22.43551723,23504727610,12.37192155,NA,5.994242779,29121471,2.22053243,3.33333333333333,3.8,3.6,3.5,3.5583333333333322
Guinea,2005,NA,3.574989252,644.8583523,NA,9.362357664,NA,31.37330259,NA,1.415355269,9109581,2.03871433,2.66666666666667,3.2,2.7,3.5,3.0166666666666675
Guinea,2006,1676073768,2.962071801,638.5993375,1028386833,-3.718611515,2596266828,34.6952706,NA,0.699048945,9307425,2.148575191,2.66666666666667,3,2.6,3.5,2.9416666666666673
Guinea,2007,2188660115,6.143028628,667.0952954,1332176168,-8.161229555,3067338153,22.84442192,NA,0.239894899,9518162,2.238929422,3,3,2.7,3.33333333333333,3.0083333333333324
Guinea,2008,1895468345,5.483489,678.952421,1357155430,-1.881236568,2807617321,18.38406459,NA,0.883377614,9738792,2.291532239,3,3,2.6,3.3,2.9749999999999996
Guinea,2009,2004018511,1.355237358,656.1590156,1246521260,-10.75256655,2852529790,4.68438869,NA,0.774612762,9964469,2.290858042,2.33333333333333,3,2.6,3.33333333333333,2.816666666666665
Guinea,2010,2079424662,1.478813385,672.4244026,1311560982,1.260249076,2961065637,15.46198107,NA,0.674986751,10192176,2.259470138,2.33333333333333,3,2.6,3.16666666666667,2.775
Guinea,2011,2059780478,14.09050364,694.6031154,1708671216,-1.491152215,3530428788,21.35046642,NA,0.950607163,10420471,2.215186971,2.83333333333333,3,2.6,3,2.8583333333333325
Guinea,2012,2188208671,7.928206496,719.7091852,1894041112,1.479812788,3982601989,15.22510139,NA,0.868023137,10652029,2.19781536,3.33333333333333,3.1,2.6,2.83333333333333,2.966666666666665
Guinea,2013,1976621717,0.00226822,731.4933377,1907470217,-8.26741149,4322094618,11.88789561,NA,1.110353202,10892810,2.235254811,3.33333333333333,3,2.7,2.83333333333333,2.9666666666666655
Guinea,2014,2107111708,-0.840221283,741.0497173,2002099693,-3.661142363,4107895225,9.713977334,NA,1.383222853,11150977,2.342417883,3.33333,3.1,2.7,3,3.0333325
Guinea,2015,2223674529,0.605767934,750.4030764,2178761522,-8.70198336,4651996617,8.150870775,NA,1.484868119,11432088,2.48970209,3.33333,3.2,2.8,3,3.0833325
Guinea,2016,2777810115,18.80926636,809.9578165,5163030014,-1.2883734040000001,7685346829,8.172681123,NA,0.606318252,11738441,2.644487343,3.5,3.2,2.9,3,3.15
Guinea,2017,4825805662,5.82523329,893.129332,3084963083,8.580607831,7194555176,8.915131698,NA,0.450414513,12067539,2.765010865,3.5,3.3,2.9,3,3.175
Guinea-Bissau,2005,NA,1.481344947,535.4409575,65834032.47,2.694423263,NA,3.329199228,NA,3.391100669,1344930,2.365272756,2.33333333333333,2.8,2.6,3,2.6833333333333322
Guinea-Bissau,2006,NA,3.022293113,534.8222723,66552786.77,4.063973717,NA,1.954737176,NA,4.311929787,1377581,2.39870954,2,2.6,2.6,3.16666666666667,2.5916666666666672
Guinea-Bissau,2007,144757732.1,2.696893903,538.9854818,85115533.14,9.025916151,254879183.6,4.617437722,NA,6.182596943,1411543,2.43543698,2,2.6,2.6,3.16666666666667,2.5916666666666672
Guinea-Bissau,2008,151070398.4,0.766788557,542.6459511,100662956,9.610575934,278398413.4,10.46007314,NA,5.720265766,1446936,2.476478494,1.8,2.6,2.6,3.2,2.55
Guinea-Bissau,2009,166951160.2,2.284740036,546.9470923,87347445.46,5.040608495,278609278.1,-1.651397336,NA,5.908380867,1483921,2.52396916,2.16666666666667,2.5,2.6,3.16666666666667,2.6083333333333347
Guinea-Bissau,2010,126560086.6,3.090536018,557.6321326,90568584.85,-2.886221823,299072147.5,2.517851402,NA,5.404896187,1522599,2.573083429,2.5,2.7,2.6,3,2.7
Guinea-Bissau,2011,185024816.3,2.278269929,587.140383,99472369.69,10.86810482,297442819.9,5.046102263,NA,4.744273312,1562989,2.618127055,3,2.7,2.6,3,2.825
Guinea-Bissau,2012,135641360.8,0.669638224,561.98665,57278601.25,2.177537692,224601310.6,2.130545803,NA,4.612746542,1604979,2.651065872,2.66666666666667,2.5,2.3,3,2.616666666666667
Guinea-Bissau,2013,158426320.7,1.877977539,565.0479699,61231654.45,1.055330785,221399461.7,1.207125557,NA,6.099472773,1648257,2.660769355,2.5,2.4,2.2,3,2.5250000000000004
Guinea-Bissau,2014,162346158.3,2.738717598,555.6050487,91790534.39,12.01556959,288827415.3,-1.509244606,NA,8.772529139,1692439,2.645231787,2.5,2.3,2.2,3,2.5
Guinea-Bissau,2015,190268415.2,1.772795812,574.4917006,110970664,10.09074257,334258096.5,1.404608873,NA,8.107668562,1737202,2.610508916,2.5,2.2,2.2,3,2.475
Guinea-Bissau,2016,210599954.5,1.207065495,594.9783587,107384036.1,7.74854228,383196087.1,1.575302229,NA,4.789598065,1782437,2.570575611,2.5,2.3,2.2,2.83333333333333,2.4583333333333326
Guinea-Bissau,2017,173106492.1,1.162158676,614.4394299,108517068,8.420856995,454550530.1,1.362148999,NA,7.790057569,1828146,2.532080949,2.66666666666667,2.3,2,2.83333333333333,2.45
Kenya,2005,7124576785,0.113202055,855.22504,4274701702,13.87269549,7771137751,10.31277836,NA,2.268082854,36624895,2.739229463,4.16666666666667,3.1,3.3,3.83333333333333,3.6
Kenya,2006,7376815886,0.196219537,885.8096325,5631798342,16.06123804,9738560265,14.45373421,NA,2.20889712,37649033,2.757906955,4.16666666666667,3.2,3.4,3.83333333333333,3.65
Kenya,2007,7831045618,2.281243174,920.6492166,5755576055,16.66189724,10167606001,9.75888023,NA,2.018912106,38705932,2.768559996,4.16666666666667,3.2,3.3,3.83333333333333,3.625
Kenya,2008,8016782585,0.266291327,897.6019306,6495371307,15.40485658,11463352539,26.23981664,NA,1.859073641,39791981,2.767253963,4,3.2,3.3,3.8,3.575
Kenya,2009,7598381028,0.314027177,902.1245459,7142889282,14.5141982,12420282508,9.234125924,NA,1.705659354,40901792,2.750846669,4.16666666666667,3.5,3.3,4,3.741666666666667
Kenya,2010,8262811549,0.445160534,951.6879611,8148692720,14.12514272,13427982209,3.961388891,NA,1.714389395,42030676,2.722585637,4.16666666666667,3.7,3.3,4,3.7916666666666674
Kenya,2011,9023786087,3.457344567,982.9808376,8518866665,13.56672182,15205555873,14.02249396,NA,2.226633491,43178257,2.693732572,4.16666666666667,3.7,3.3,4,3.7916666666666674
Kenya,2012,9635884956,2.737746957,1000.829217,9571574517,12.53504622,15996174173,9.377767482,NA,2.402212382,44343410,2.66270486,4.5,3.7,3.4,3.83333333333333,3.8583333333333325
Kenya,2013,9427485510,2.030655975,1032.277327,9774206943,9.608563903,15925265007,5.71749357,NA,2.367249884,45519889,2.618524437,4.5,3.7,3.4,3.83333333333333,3.8583333333333325
Kenya,2014,9977823493,1.335986481,1060.095016,11162376087,10.53781525,17578198908,6.878154993,NA,2.344820258,46699981,2.55944065,4.33333,3.7,3.4,3.83333,3.816665
Kenya,2015,10596835014,0.968202239,1093.13417,11897607347,11.38825215,17784233425,6.582174403,NA,2.451684119,47878336,2.491936871,4.33333,3.7,3.4,3.83333,3.816665
Kenya,2016,10363800883,0.568530852,1129.713196,10799426889,12.34109991,17177594913,6.297157525,NA,2.52156462,49051686,2.421143197,4.33333333333333,3.7,3.4,3.66666666666667,3.7750000000000004
Kenya,2017,9660507720,0.85260365,1157.052488,11492313851,10.48777186,18664001561,8.005722791,NA,2.491519543,50221473,2.356812573,4,3.7,3.4,3.83333333333333,3.7333333333333325
Lesotho,2005,678263533.8,1.631137039,936.1589332,314004655.4,NA,1660690105,3.437884231,NA,35.62594972,1996114,-0.491048834,4,3.3,3.4,3.33333333333333,3.5083333333333324
Lesotho,2006,826288672.7,1.351158889,978.7872329,356020501.3,NA,1819415519,6.072718797,NA,34.10158781,1989939,-0.309830549,4,3.4,3.4,3.33333333333333,3.5333333333333328
Lesotho,2007,935153520.2,4.405852285,1027.649712,422283009.5,43.4687862,2096894682,8.01243669,NA,37.18261273,1986922,-0.151727736,4,3.4,3.4,3.33333333333333,3.5333333333333328
Lesotho,2008,1011419948,0.6260878,1096.794244,536832151.5,44.49811957,2266917468,10.71566613,NA,32.74639899,1987129,0.010417581,4,3.3,3.4,3.3,3.5
Lesotho,2009,936599342.9,5.151679318,1118.73248,562730293.2,33.63760626,2322634109,7.379439352,NA,30.90036339,1990131,0.150958226,4,3.3,3.4,3.33333333333333,3.5083333333333324
Lesotho,2010,941238335.2,0.40257651,1183.42153,634219731.7,24.21511228,2412540758,3.598261524,NA,25.83508118,1995581,0.27347703,3.83333333333333,3.3,3.5,3.16666666666667,3.4499999999999997
Lesotho,2011,1052874354,2.194202835,1259.912538,672585302,18.71297189,2480351021,4.994597891,NA,23.29078038,2003787,0.410365414,3.66666666666667,3.4,3.5,3.16666666666667,3.433333333333335
Lesotho,2012,1049832731,2.115137116,1328.05794,890011280.7,21.27783339,2690173793,6.129491527,NA,20.70425716,2014990,0.557534246,3.66666666666667,3.4,3.5,3.33333333333333,3.475
Lesotho,2013,962783499.3,1.996391545,1343.523543,801830514.6,22.08368411,2486958793,4.969039901,NA,18.32609509,2028519,0.669173754,3.66666666666667,3.4,3.3,3.5,3.4666666666666677
Lesotho,2014,875873518.5,3.61280032,1375.349965,846447884.1,24.07578124,2462776061,5.306490756,NA,15.03095715,2043437,0.732722394,3.33333,3.4,3.3,3.33333,3.341665
Lesotho,2015,989565247.8,4.510195317,1402.703685,876311865.9,27.88688134,2655090545,3.171860619,NA,14.772202,2059021,0.759743303,3.16667,3.4,3.3,3.33333,3.3
Lesotho,2016,1066402874,3.377688678,1436.149532,822049953.3,22.60189073,2675374509,6.596504907,NA,14.79091708,2075001,0.773100849,3.16666666666667,3.4,3.3,3.5,3.3416666666666677
Lesotho,2017,NA,1.674065086,1392.303254,NA,NA,NA,5.317121044,NA,15.55150462,2091412,0.787780034,3.33333333333333,3.4,3.3,3.5,3.3833333333333324
Liberia,2005,238685741.1,8.725196147,438.247567,101117178.8,-66.99152337,834794684.1,10.83435885,NA,3.35668658,3218116,2.595928712,NA,NA,NA,NA,NA
Liberia,2006,199148317.1,9.63866591,457.6992121,106172521.7,0.873231845,898041607.2,7.341446083,NA,7.043337112,3329211,3.393924383,NA,NA,NA,NA,NA
Liberia,2007,201782336.1,9.587593707,482.1249527,122976595.6,-70.26321427,907440534,11.39189668,NA,4.513996948,3461911,3.908540976,NA,NA,NA,NA,NA
Liberia,2008,204219400,16.42735095,495.6790151,136148047.6,-31.98378631,912313546.7,17.48944864,NA,3.367452583,3607860,4.129405005,NA,NA,NA,NA,NA
Liberia,2009,376915000,7.228700482,501.6157348,339292125.4,-6.15106717,1730249830,7.427643059,NA,1.420639385,3754133,3.974256763,3.16666666666667,2.5,2.8,2.83333333333333,2.8249999999999997
Liberia,2010,382397400,103.3373871,513.4456986,388703600,-23.19563338,1850843000,7.289927969,NA,14.72632443,3891356,3.590031659,3.33333333333333,2.7,2.8,2.83333333333333,2.9166666666666647
Liberia,2011,386509200,86.98944676,538.116235,493016713,-18.8843734,1966192989,8.488167518,NA,21.8099461,4017443,3.188794759,3.5,3,2.8,2.83333333333333,3.0333333333333328
Liberia,2012,391991600,84.89456969,564.5208442,618192448.6,-20.29866693,2044840708,6.831787034,NA,20.09637484,4135659,2.90010564,3.5,3.1,2.8,2.83333333333333,3.0583333333333322
Liberia,2013,398844600,65.16711332,597.3813897,697250807.9,-29.54014085,2023867983,7.577306817,NA,13.45770164,4248334,2.688021909,3.5,3.1,2.9,3,3.125
Liberia,2014,371432600,15.96281262,586.2293608,699446873.4,-38.13281588,2165433878,9.861112856,NA,16.28499579,4359505,2.583161272,3.5,3,2.9,3,3.1
Liberia,2015,319349800,7.32388519,571.4531295,679682283.6,-30.95733438,2160190697,7.748696876,NA,20.598819,4472230,2.552864685,3.5,3,2.9,3,3.1
Liberia,2016,338538200,9.509344313,548.2681436,665407857.6,-38.33317979,2128731609,8.834248683,NA,17.69855238,4586788,2.529283132,3.5,3,2.9,3,3.1
Liberia,2017,359097200,7.543642601,548.0105383,637957038.4,-48.78184822,2118245246,12.41963239,NA,12.28066958,4702228,2.485644197,3.5,3.1,2.9,3,3.125
Madagascar,2005,1645254875,1.001949046,413.8674949,1156656104,7.519943987,2683996182,18.36382465,NA,2.017603573,18336724,2.953901101,3.33333333333333,3.6,3.4,3.83333333333333,3.541666666666665
Madagascar,2006,1928273160,5.342424223,422.1411447,1380313937,12.53349528,2814907292,10.76563716,NA,2.72413596,18880269,2.921158358,3.5,3.6,3.4,3.83333333333333,3.5833333333333326
Madagascar,2007,2559204161,10.75034658,435.7170882,1805883341,12.4134581,3611091490,10.28796632,NA,3.46576806,19433530,2.888251621,3.66666666666667,3.7,3.5,3.83333333333333,3.6750000000000003
Madagascar,2008,2382636009,12.05245183,453.6364735,2548570516,14.91934028,4554457548,9.296508394,NA,3.335725525,19996473,2.85559833,3.8,3.7,3.6,3.5,3.65
Madagascar,2009,2113872582,15.12602441,423.3058231,2067338392,8.417885099,4002249698,8.954218024,NA,3.318236247,20569117,2.823486815,3.66666666666667,3.6,3.3,3.5,3.5166666666666675
Madagascar,2010,2180222972,10.45010142,412.7309341,1813635501,7.831150934,3758114787,9.247321736,NA,5.221407547,21151640,2.792666771,3.5,3.6,3,3.33333333333333,3.3583333333333325
Madagascar,2011,2349604980,8.24379856,407.3269447,1836393857,6.34641233,3885859820,9.482540486,NA,3.386488695,21743967,2.761889589,3.5,3.3,2.8,3.33333333333333,3.2333333333333325
Madagascar,2012,2392459336,8.213790315,408.340883,1943244127,9.886107005,4024217172,5.713844342,NA,3.331682936,22346641,2.733967919,3.5,2.9,2.6,3.16666666666667,3.0416666666666674
Madagascar,2013,3110159227,5.337345645,406.3730995,1890217060,9.937093108,4455480191,5.826429445,NA,3.37450257,22961253,2.71321242,3.5,2.9,2.5,3.16666666666667,3.0166666666666675
Madagascar,2014,3378436894,5.202147404,408.6595433,1912779585,15.23846311,4343733645,6.080408111,NA,3.227036174,23589887,2.700996011,3.66666666666667,3.1,2.6,3.16666666666667,3.133333333333335
Madagascar,2015,3789074148,3.366698549,410.1941592,1970687568,11.17890533,4407326075,7.404191742,NA,3.354232069,24234088,2.694213382,3.66667,3.2,2.7,3,3.1416675
Madagascar,2016,4167768369,5.430881754,416.0055748,2213580986,14.99954171,4671525237,6.654801865,NA,3.004468222,24894380,2.688183812,3.66666666666667,3.3,2.8,3.16666666666667,3.2333333333333347
Madagascar,2017,NA,4.054270457,422.4482542,NA,14.51820169,NA,8.284223644,NA,2.989546897,25570540,2.679883239,3.66666666666667,3.3,2.8,3.33333333333333,3.275
Malawi,2005,644470813.7,3.821120329,385.4608301,428532023.1,2.293887152,1141762361,15.41034466,NA,0.616315246,12625952,2.600569615,3,3.5,3.4,3.5,3.35
Malawi,2006,637199832.3,0.889478543,392.7599989,640286483.8,7.501923587,1327101332,13.97429435,NA,0.369929709,12973699,2.716977602,3.16666666666667,3.5,3.4,3.5,3.3916666666666675
Malawi,2007,1101961489,2.806014103,418.5882186,1101899004,20.03572496,1463032441,7.952209909,NA,0.474032313,13341806,2.797825936,3.33333333333333,3.4,3.4,3.5,3.4083333333333323
Malawi,2008,1190335996,3.672693352,437.8954761,1211810062,14.37218306,1868686659,8.712601866,NA,0.313364726,13727890,2.852711626,3.3,3.4,3.4,3.5,3.4
Malawi,2009,1322251862,0.793568757,460.9246827,1436089763,19.45483188,1955553515,8.422044277,NA,0.269044267,14128155,2.874008503,3.16666666666667,3.5,3.4,3.5,3.3916666666666675
Malawi,2010,1585900947,1.393891227,478.6685897,1462593383,18.40221139,2426167894,7.411590929,NA,0.312767556,14539612,2.870717182,3.16666666666667,3.5,3.4,3.16666666666667,3.308333333333335
Malawi,2011,1557114350,10.15434383,487.7306819,787748082.7,10.2296608,2102245581,7.622822628,NA,0.316345455,14962112,2.864435231,3.16666666666667,3.6,3.3,3,3.2666666666666675
Malawi,2012,2445917147,-0.147400175,482.9237812,924674195.1,2.173373237,3813087801,21.271265,NA,0.469493856,15396005,2.858692113,3,3.5,3.3,2.83333333333333,3.1583333333333328
Malawi,2013,4610287819,8.17848083,493.8183695,1072348647,13.86947787,5264844003,27.28333333,NA,0.618462104,15839269,2.838417615,3,3.5,3.1,2.66666666666667,3.0666666666666673
Malawi,2014,5724000859,9.889322031,507.537975,1107412963,12.75545977,6381613790,23.79206495,NA,0.636382842,16289540,2.80309477,3,3.5,3.1,3.16667,3.1916675
Malawi,2015,6662734979,8.097843672,507.548405,1277527401,8.133095676,7651553260,21.86734755,NA,0.650971972,16745303,2.7594617,2.83333,3.5,3.1,3.16667,3.15
Malawi,2016,9334492683,5.993556857,506.2496613,1250688413,5.601210565,11829736448,21.71111321,NA,0.630559731,17205289,2.709903551,2.83333333333333,3.5,3.2,3.16666666666667,3.1750000000000003
Malawi,2017,9675798592,4.396308402,512.6456123,1667737214,12.1485092,11653096254,11.54339392,NA,0.648861263,17670260,2.666616388,3,3.6,3.2,3.16666666666667,3.2416666666666676
Mali,2005,2778698350,2.565530725,667.4699804,1461558777,13.06916258,2314484528,6.397882939,NA,2.837232299,12775516,3.233152498,4.33333333333333,3.4,3.6,3.5,3.7083333333333326
Mali,2006,3046221994,2.147824266,675.9505663,1588022963,18.05486215,2561363148,1.543525969,NA,3.070260601,13203378,3.294217928,4.33333333333333,3.4,3.5,3.5,3.6833333333333327
Mali,2007,2729036769,2.529738478,676.6036395,1666239149,17.72683983,2643947096,1.412002017,NA,4.222122249,13651464,3.337406268,4.33333333333333,3.5,3.5,3.5,3.7083333333333326
Mali,2008,2748651678,2.73241341,685.6893854,2024972344,13.358938,3109981339,9.170988137,NA,4.420046838,14113577,3.329047326,4.3,3.4,3.4,3.5,3.65
Mali,2009,2444810183,6.351122856,694.7431505,2004164938,17.36881889,2962855781,2.463751886,NA,4.456727603,14581429,3.261149086,4.33333333333333,3.4,3.4,3.5,3.6583333333333328
Mali,2010,2438724189,3.479525704,709.5819646,2218451493,12.82489718,3753380432,1.108926907,NA,4.426974669,15049353,3.158626749,4.16666666666667,3.5,3.4,3.5,3.6416666666666675
Mali,2011,2589151121,4.285271631,710.6064193,2552933005,14.29729162,3960321194,2.955643952,NA,6.041774634,15514591,3.044593573,4.16666666666667,3.6,3.3,3.5,3.6416666666666675
Mali,2012,2815804514,3.197567293,684.1629502,1937619927,14.65475814,3750957764,5.323128471,NA,6.650173641,15979499,2.952565219,3.83333333333333,3.2,3,3.5,3.3833333333333324
Mali,2013,2887564338,2.324051136,679.9097219,2244851268,14.91317081,3973716552,-0.606736356,NA,6.752840383,16449864,2.901062154,3.83333333333333,3.2,3,3.5,3.3833333333333324
Mali,2014,2795052988,1.00393648,706.981554,2361518465,15.45008852,6992445600,0.883814547,NA,6.41486056,16934220,2.901921705,3.66666666666667,3.3,3,3.5,3.3666666666666676
Mali,2015,3539414430,2.102483659,727.4610779,2539671380,15.43683526,10245722355,1.450690576,NA,6.233841297,17438778,2.935992047,3.83333,3.2,3,3.5,3.3833325
Mali,2016,3222807530,2.54257369,747.0916565,2715275827,15.53717814,11396048091,-1.799647071,NA,5.900317571,17965429,2.975295283,3.83333333333333,3.1,3,3.5,3.3583333333333325
Mali,2017,3292234677,3.646521857,764.1691571,3206382566,13.99415923,11375667437,1.759857429,NA,5.758016794,18512394,2.999115367,4,3.1,3,3.5,3.4
Mauritania,2005,1347366215,37.16592249,1119.834762,1490368125,NA,2336540530,12.12564872,NA,NA,3024194,2.84911836,2.83333333333333,3.4,2.9,3.5,3.1583333333333323
Mauritania,2006,2203500434,5.08438156,1293.618132,1052720882,NA,1888424541,6.241033281,NA,NA,3111906,2.859079051,3.33333333333333,3.4,2.9,3.5,3.2833333333333323
Mauritania,2007,2122848307,4.152008013,1292.437596,1055243554,NA,2118781195,7.254108413,NA,NA,3202517,2.870166292,3.5,3.5,3,3.5,3.375
Mauritania,2008,2086484838,8.503263647,1269.251125,1116334539,NA,2376687097,7.346635412,NA,NA,3296238,2.884475505,3.5,3.5,3,3.3,3.325
Mauritania,2009,2132083362,-0.083883335,1220.057959,966092326.5,NA,2230732519,2.220920324,NA,NA,3393409,2.905320265,3.16666666666667,3.4,3,3.33333333333333,3.225
Mauritania,2010,2201200461,3.009096024,1241.428756,1585395116,NA,2653667713,6.283540874,NA,NA,3494195,2.926799928,3.33333333333333,3.2,3,3.16666666666667,3.175
Mauritania,2011,2198960470,11.395859,1262.09812,1940283900,NA,3025589538,5.686319596,NA,NA,3598648,2.945519925,3.33333333333333,3.3,3,3.16666666666667,3.1999999999999997
Mauritania,2012,2330029752,26.49648553,1296.365964,2408067541,34.67669605,3957144877,4.902427272,NA,NA,3706554,2.954438464,3.33333333333333,3.3,3.1,3.16666666666667,3.2249999999999996
Mauritania,2013,2357993583,19.96526479,1335.349959,2763899005,32.87536079,3775408249,4.129101738,NA,NA,3817494,2.949158239,3.5,3.4,3.1,3.16666666666667,3.2916666666666674
Mauritania,2014,2476008402,9.354365354,1369.183598,2406283976,22.99594177,3208912779,3.534368561,NA,NA,3930896,2.927320332,3.66666666666667,3.5,3.2,3.16666666666667,3.383333333333335
Mauritania,2015,2648623414,10.38224087,1348.754822,2573378762,19.57134398,3275569790,3.254726881,NA,NA,4046301,2.893574072,3.5,3.4,3.2,3.16666666666667,3.3166666666666678
Mauritania,2016,2703969585,5.734738918,1336.993368,1974249678,24.15231272,3095786926,1.471710456,NA,NA,4163534,2.856110242,3.5,3.5,3.3,3.16666666666667,3.3666666666666676
Mauritania,2017,2638109670,11.82243416,1339.207896,2005837673,19.38300136,3145347817,2.254276519,NA,1.551026381,4282574,2.818999783,3.5,3.6,3.3,3.16666666666667,3.391666666666667
Mozambique,2005,1959226462,1.584880803,346.2337102,820874179.6,2.813713116,3098805736,NA,NA,0.762468386,20493925,2.887865831,4.16666666666667,3.3,3.2,3.16666666666667,3.458333333333335
Mozambique,2006,2198927893,3.021406132,369.7650448,871848974.6,4.883510628,3134907448,NA,NA,0.962845718,21080110,2.820144111,4.16666666666667,3.3,3.1,3.5,3.5166666666666675
Mozambique,2007,2549232643,4.448604805,386.3518665,922435311.6,6.169641279,3535554648,NA,NA,1.061050176,21673316,2.775188458,4.16666666666667,3.3,3.3,3.66666666666667,3.6083333333333347
Mozambique,2008,2728630640,5.579891327,401.7358373,1438710825,9.61592389,4079770339,NA,NA,1.006921382,22276596,2.745479417,4.3,3.4,3.3,3.7,3.675
Mozambique,2009,3151405230,8.523883179,415.7189264,1542931473,7.83439102,4618334794,NA,NA,1.018404845,22894710,2.736925889,4.5,3.3,3.4,3.66666666666667,3.7166666666666672
Mozambique,2010,3199622439,12.39337768,431.5154715,1813865527,8.379280484,4693423656,NA,NA,1.140186311,23531574,2.743721432,4.5,3.4,3.4,3.66666666666667,3.7416666666666676
Mozambique,2011,3748502720,27.90259873,449.6943808,2124230797,10.38635625,5895109049,NA,NA,0.987496081,24187487,2.749233949,4.5,3.3,3.4,3.5,3.675
Mozambique,2012,4246488166,36.91446509,468.9734579,3691611155,7.614216995,9573553003,NA,NA,1.140546008,24862648,2.753116358,4.5,3.5,3.4,3.5,3.725
Mozambique,2013,4338242819,41.80963585,488.7434418,5654273072,9.335453041,12335336796,NA,NA,0.951447877,25560725,2.769039684,4.16666666666667,3.5,3.3,3.5,3.616666666666667
Mozambique,2014,5020008493,29.4721112,510.6335703,7010982935,10.85909818,14130654700,NA,NA,0.916596258,26286163,2.798568532,4.16667,3.4,3.3,3.5,3.5916675
Mozambique,2015,4959214068,26.14032816,529.0910577,5414772730,8.965369118,13177720862,NA,NA,0.96550306,27042002,2.834860784,3.83333333333333,3.4,3.2,3.5,3.4833333333333325
Mozambique,2016,5423927176,28.7068024,533.4584932,4161716678,2.945077677,13667113509,NA,NA,0.856874322,27829942,2.872120456,3,3.4,3.2,3.33333333333333,3.233333333333333
Mozambique,2017,6799081457,18.32981355,537.5722862,4739194761,9.204875501,13185408966,NA,NA,2.038717644,28649007,2.900629142,2.83333333333333,3.4,3.1,3.33333333333333,3.166666666666665
Niger,2005,NA,1.460553303,326.2068941,NA,14.76523088,NA,7.797497818,NA,1.949111807,13624467,3.7278624,3.33333333333333,3,3.2,3.5,3.258333333333333
Niger,2006,690054048.5,1.104393746,332.450482,1110625426,14.99999393,1361454767,0.04048583,NA,2.141870429,14143971,3.742123504,3.66666666666667,3,3.2,3.33333333333333,3.3000000000000003
Niger,2007,780571013.3,2.305626356,330.2686611,1157078546,14.64338646,1429081219,0.053959261,NA,1.849071496,14685399,3.756527931,3.66666666666667,3,3.2,3.33333333333333,3.3000000000000003
Niger,2008,887596321.6,5.241110597,348.513183,1386321537,17.67946876,1567844892,11.30510988,NA,1.742345886,15250908,3.77853074,3.7,3,3.2,3.3,3.3
Niger,2009,1060247091,11.74887286,333.0946392,1898678859,9.953399661,2517760638,0.582906591,NA,1.893064686,15843133,3.809711497,3.83333333333333,3.1,3.1,3.33333333333333,3.341666666666665
Niger,2010,1269427008,13.91687964,347.3430407,2224271699,20.130154310000002,2807366383,0.804073081,NA,2.348319634,16464025,3.844154032,3.83333333333333,3.2,3.2,3.33333333333333,3.3916666666666653
Niger,2011,1257937095,16.62909796,341.764755,2243213283,16.06645143,2895188828,2.94238514,NA,2.589015413,17114761,3.876360997,3.83333333333333,3.4,3.2,3.16666666666667,3.4
Niger,2012,1496136152,12.11818286,367.6467616,2291661294,21.46167337,2770623080,0.45508982,NA,2.187228541,17795191,3.898694473,4,3.4,3.2,3.33333333333333,3.483333333333333
Niger,2013,1629811181,9.378435997,372.1858668,2444889389,21.14963181,2928065688,2.29723115,NA,1.902343127,18504255,3.907245338,4,3.3,3.2,3.33333333333333,3.4583333333333326
Niger,2014,1621627140,9.986624761,384.9006562,2687817719,21.57029138,3074095272,-0.93028726,NA,2.658518029,19240157,3.899889965,3.83333333333333,3.3,3.2,3.33333333333333,3.4166666666666647
Niger,2015,1475286293,7.332894718,386.3045326,3047385106,18.12911012,3300570091,-0.57609037,NA,2.376352958,20001663,3.881581481,3.83333333333333,3.3,3.2,3.5,3.458333333333332
Niger,2016,1369464879,3.999953608,389.9855591,2654615087,19.06556365,2820867478,1.653889224,NA,2.341186206,20788838,3.860078795,3.66666666666667,3.3,3.1,3.33333333333333,3.35
Niger,2017,1466620901,4.161159373,393.6620996,2759884895,20.23252053,2880746527,2.796373189,NA,3.243823724,21602472,3.839154453,3.66666666666667,3.2,3.1,3.5,3.3666666666666676
Nigeria,2005,58904655934,2.828830019,1857.925564,50037084480,36.21164488,64748008514,17.86349337,NA,8.311897229,138865016,2.585689094,3.83333333333333,3.1,2.8,2.83333333333333,3.1416666666666653
Nigeria,2006,100359000000,2.056023761,1919.724203,70246391619,49.9029502,88035470568,8.239526517,NA,7.171477543,142538308,2.610843826,4,3.1,2.8,3,3.2249999999999996
Nigeria,2007,83347084881,2.189934296,1993.097411,54865743619,26.81110591,110777000000,5.382223652,NA,6.535831662,146339977,2.632173264,4.33333333333333,3.2,2.9,3.16666666666667,3.4
Nigeria,2008,119551000000,2.431642644,2072.273486,53438651956,31.99532223,89993066686,11.57798352,NA,5.697713693,150269623,2.649864293,4.3,3.2,2.9,3.3,3.425
Nigeria,2009,83664420580,2.930908157,2179.989416,58742013383,24.89560152,75747241713,11.53767275,NA,6.293031955,154324933,2.662916691,4.33333333333333,3.2,2.9,3.5,3.4833333333333325
Nigeria,2010,93240368002,1.658474771,2292.445156,61099012914,24.3208377,64169884762,13.72020184,NA,5.433920155,158503197,2.671442933,4.16666666666667,3.2,2.9,3.5,3.4416666666666673
Nigeria,2011,117290000000,2.154610831,2350.336824,56060374375,24.00072671,59143223773,10.84002754,NA,5.024410086,162805071,2.677883827,4,3.3,2.9,3.5,3.425
Nigeria,2012,113080000000,1.539029779,2384.954171,57490885853,31.89258795,39690040724,12.21778174,NA,4.471926512,167228767,2.680913555,4.33333333333333,3.4,2.9,3.5,3.5333333333333328
Nigeria,2013,88500424923,1.080240346,2476.863878,62012449880,18.10071244,44538499077,8.475827285,NA,4.038542495,171765769,2.676900328,4.5,3.5,2.8,3.5,3.575
Nigeria,2014,109816000000,0.818201344,2563.899969,70338547158,21.05969133,47197107814,8.062485824,NA,3.659825804,176404902,2.665019173,4.33333333333333,3.5,2.8,3.5,3.5333333333333323
Nigeria,2015,109968000000,0.634335906,2563.148864,70767545662,15.82012217,34538224763,9.009387183,NA,4.27788986,181137448,2.6474192,3.83333,3.5,2.8,3.5,3.4083325
Nigeria,2016,122588000000,1.098506848,2456.306188,66050487568,15.84084166,31443052196,15.67534055,NA,4.863316879,185960289,2.627702662,3.5,3.5,2.8,3.33333333333333,3.2833333333333328
Nigeria,2017,133301000000,0.930745294,2412.367125,64083994069,18.25545634,32937116043,16.52353998,NA,5.855215515,190873311,2.607676386,3.33333333333333,3.5,2.8,3.16666666666667,3.1999999999999997
Rwanda,2005,504672980,0.391042049,438.6790718,593684041.6,NA,1065909315,9.014089181,NA,0.330317719,8840215,1.822930211,3.5,3.6,3.3,3.5,3.4749999999999996
Rwanda,2006,519746185.5,0.983398786,468.3940802,698799427.1,NA,1376583892,8.882826548,NA,0.930433724,9043337,2.271704584,3.83333333333333,3.8,3.4,3.5,3.6333333333333324
Rwanda,2007,751753575.1,2.158827699,491.8421673,884091350.6,NA,1530336046,9.080722059,NA,3.187470534,9273757,2.5160339880000002,3.83333333333333,3.8,3.5,3.5,3.6583333333333323
Rwanda,2008,660933001.7,2.123159167,532.3712706,1171727341,NA,1454536285,15.43821387,NA,1.392841584,9524534,2.668241259,3.8,3.9,3.5,3.5,3.675
Rwanda,2009,644330035.2,2.208599189,550.7424148,1199943167,NA,1708010232,12.89483343,NA,1.723737811,9782770,2.67516791,3.83333333333333,3.9,3.5,3.83333333333333,3.7666666666666653
Rwanda,2010,695039484.3,4.331630493,576.049201,1284445739,14.49083972,1731424282,-0.249887635,NA,1.841069807,10039338,2.588850081,3.83333333333333,4,3.7,3.83333333333333,3.8416666666666655
Rwanda,2011,852773532.6,1.814712302,605.5676849,1418605629,17.89348623,2032254429,3.080170692,NA,2.654182188,10293331,2.498503397,3.83333333333333,4,3.6,3.83333333333333,3.816666666666665
Rwanda,2012,927758220,3.476020521,642.9681039,1720199344,14.01777723,2400840473,10.27101823,NA,2.486769254,10549678,2.459912832,3.83333333333333,4.1,3.6,3.83333333333333,3.841666666666665
Rwanda,2013,1100586008,3.380280931,656.9674304,1854719989,16.62251147,2632410899,5.92426868,NA,2.233024601,10811543,2.451902154,3.83333333333333,4.1,3.6,4.16666666666667,3.925
Rwanda,2014,1180274380,3.926137464,689.7008428,2011553068,12.08094823,3015963092,2.354490528,NA,2.290170656,11083635,2.485533644,4,4.2,3.6,4.16667,3.9916674999999997
Rwanda,2015,1254100380,2.698056162,732.0119111,2385522572,6.444059308,4064071291,2.528502842,NA,1.923259197,11369071,2.542690207,4,4.3,3.7,4.16666666666667,4.041666666666668
Rwanda,2016,1416275575,3.141930227,755.8673111,2639350289,11.39536269,4020617992,7.17434302,NA,2.03543326,11668818,2.602355764,4,4.3,3.7,4.16666666666667,4.041666666666668
Rwanda,2017,1892314305,2.962796007,780.7722833,2815288258,13.18057438,4427297553,8.279536723,NA,2.356668693,11980937,2.63966475,4,4.3,3.7,4.16666666666667,4.041666666666668
Sao Tome and Principe,2005,NA,11.47960724,941.5359709,NA,NA,NA,17.15220494,NA,1.099298446,157472,2.400431442,2.83333333333333,2.8,3.1,3.16666666666667,2.9749999999999996
Sao Tome and Principe,2006,NA,26.62637788,1000.617983,NA,NA,NA,23.07703735,NA,1.120643532,161681,2.637759345,2.83333333333333,2.8,3,3.16666666666667,2.9499999999999997
Sao Tome and Principe,2007,NA,24.15640033,1004.477619,NA,NA,NA,18.54851363,NA,1.340959611,166300,2.816812807,2.83333333333333,2.8,3.1,3.16666666666667,2.9749999999999996
Sao Tome and Principe,2008,NA,42.09280755,1056.096238,NA,NA,NA,31.99010395,NA,1.59556502,171120,2.857167858,2.8,2.8,3.1,3.2,2.9749999999999996
Sao Tome and Principe,2009,NA,8.252537046,1052.468467,NA,NA,NA,16.9574758,NA,1.06484349,175876,2.74141365,2.83333333333333,2.8,3.1,3,2.9333333333333322
Sao Tome and Principe,2010,NA,25.62621504,1094.710636,NA,NA,NA,13.34005235,NA,3.22265225,180371,2.523663955,2.83333333333333,3,3.1,3,2.9833333333333325
Sao Tome and Principe,2011,NA,13.7866571,1117.136414,NA,NA,NA,14.32716676,NA,2.950658451,184524,2.27636955,2.83333333333333,3.1,3.1,3.16666666666667,3.05
Sao Tome and Principe,2012,NA,8.897480818,1128.507361,NA,NA,NA,10.63793534,NA,2.517768368,188404,2.080905702,2.83333333333333,3.1,3.1,3.16666666666667,3.05
Sao Tome and Principe,2013,NA,4.014962523,1160.163314,NA,NA,NA,8.105832709,NA,8.770052031,192087,1.935980106,2.83333333333333,3.1,3.1,3.16666666666667,3.05
Sao Tome and Principe,2014,NA,7.59152186,1213.164082,NA,NA,NA,6.99849944,NA,7.688347983,195727,1.877243676,2.83333,3.1,3.1,3.16667,3.05
Sao Tome and Principe,2015,NA,8.773816114,1235.850943,NA,NA,NA,5.24587835,NA,6.277832767,199432,1.875249494,2.83333,3.1,3.1,3.16667,3.05
Sao Tome and Principe,2016,NA,6.713105014,1263.374506,NA,NA,NA,5.430519661,NA,5.192081663,203227,1.88502548,3,3.1,3.2,3.16666666666667,3.1166666666666676
Sao Tome and Principe,2017,NA,9.121286577,1287.809351,NA,NA,NA,5.690296199,NA,4.850698271,207089,1.882507166,3,3.1,3.2,3.16666666666667,3.1166666666666676
Senegal,2005,3022413503,1.522998763,1236.006394,3439094885,15.10513679,4845132078,1.711333259,NA,7.156288261,11090116,2.557495148,4.16666666666667,3.4,3.6,3.83333333333333,3.75
Senegal,2006,2924297806,2.444180824,1233.92569,3892400530,13.75844629,4902992260,2.112285839,NA,7.809369189,11382268,2.600244467,4,3.4,3.6,3.66666666666667,3.6666666666666674
Senegal,2007,3110156621,2.456917438,1261.091466,2732284941,13.31125377,5405829613,5.853304285,NA,8.342448408,11687080,2.642725229,4.16666666666667,3.4,3.5,3.83333333333333,3.725
Senegal,2008,3137398635,2.677925106,1277.5266,3048195582,13.83762326,5221644116,7.347202366,NA,8.708724167,12004701,2.681436493,3.8,3.4,3.4,3.8,3.5999999999999996
Senegal,2009,3240795854,2.031885745,1269.3259,3047554079,14.06096698,5271966059,-2.248021479,NA,8.311063099,12335084,2.714923677,4,3.4,3.4,3.83333333333333,3.6583333333333328
Senegal,2010,3215663154,1.676389217,1278.977754,2982209024,15.45206175,5204715745,1.228681197,NA,9.112992736,12678148,2.743232171,4,3.4,3.5,3.83333333333333,3.6833333333333327
Senegal,2011,3289757838,1.891733194,1262.221043,3331962175,13.78254563,5466299659,3.403228298,NA,9.026964758,13033809,2.766679226,4,3.5,3.6,4,3.775
Senegal,2012,3497616765,1.549334385,1290.363391,3515878199,16.33877698,5731294194,1.418228712,NA,8.843075855,13401991,2.785660419,4.16666666666667,3.5,3.6,4,3.8166666666666673
Senegal,2013,3400985942,1.641747255,1290.156421,4174812846,16.50072413,6110813154,0.710245487,NA,9.374340101,13782420,2.799058899,4.16666666666667,3.5,3.6,4,3.8166666666666673
Senegal,2014,3533652931,2.036139529,1337.40669,4920472745,19.00485557,6749521673,-1.090255074,NA,9.757074076,14174731,2.806700536,4.16666666666667,3.5,3.6,4,3.8166666666666673
Senegal,2015,3864476413,2.301938365,1383.167206,5210114098,20.54059386,7271757885,0.135211934,NA,9.888996611,14578459,2.80841559,4.16667,3.5,3.6,4,3.8166675
Senegal,2016,4024825376,2.481102451,1430.362395,6005073487,21.15470207,7762543160,0.837284943,NA,10.4020398,14993528,2.807361306,4.16666666666667,3.5,3.6,3.83333333333333,3.775
Senegal,2017,4349095357,2.783649922,1489.372031,6453018864,20.41686322,8422095625,1.318153148,NA,10.16809146,15419381,2.800658333,4.16666666666667,3.7,3.6,3.83333333333333,3.825
Sierra Leone,2005,370345733.2,5.497242011,353.8894185,221617824.8,6.956541836,543931996.3,NA,NA,0.147537917,5645624,3.820687703,3.66666666666667,2.9,2.9,3,3.1166666666666676
Sierra Leone,2006,395819507.3,3.122845624,357.21953,213153861.7,5.508843954,512901480.5,NA,NA,0.828721981,5829237,3.200538522,3.7,2.8,2.9,3,3.1
Sierra Leone,2007,400423398.9,4.422993265,375.6680003,213941369.7,11.51028087,502794402.5,11.64997445,NA,1.944587315,5989633,2.714402446,3.66666666666667,2.9,2.8,3,3.0916666666666677
Sierra Leone,2008,333401951.5,2.119175784,386.653814,216788683.5,10.60020708,518165346.9,8.204614927,NA,0.901176566,6133603,2.37522009,3.7,2.9,2.7,3.2,3.125
Sierra Leone,2009,363528018,4.500191915,390.1310354,233017366.8,7.8221707,696727087.5,7.469166667,NA,1.462814551,6272734,2.242996189,3.66666666666667,3.1,2.9,3.16666666666667,3.208333333333335
Sierra Leone,2010,432978661.2,9.247545616,401.8350014,791862924.1,21.45539299,888970139.5,7.193536131,NA,1.715210382,6415634,2.252551979,3.66666666666667,3.2,3,3.16666666666667,3.258333333333335
Sierra Leone,2011,427158406.8,32.30119212,417.6031684,1125720231,0.95235043,1739421382,6.788194444,NA,1.998663555,6563240,2.274655942,3.66666666666667,3.3,3.1,3.16666666666667,3.308333333333335
Sierra Leone,2012,1098986341,19.00245529,470.3014046,833410592.8,9.442461305,1911592929,6.588359616,NA,1.697432899,6712581,2.249914334,3.5,3.3,3.1,3.16666666666667,3.2666666666666675
Sierra Leone,2013,1508984620,8.732410791,555.2055624,702075059.4,-12.88073351,2291189741,5.51827137,NA,1.415769119,6863980,2.230392163,3.5,3.3,3.1,3.16666666666667,3.2666666666666675
Sierra Leone,2014,2421355459,7.479119148,567.834267,664840421.7,15.1225696,2262335264,4.645462047,NA,1.244828316,7017144,2.206884922,3.5,3.3,3.1,3.16667,3.2666675
Sierra Leone,2015,1087446264,5.98370116,441.1376641,563718825.8,-1.465528905,1848948125,6.693679279,NA,1.141665016,7171914,2.181626694,3.5,3.3,3.1,3.16667,3.2666675
Sierra Leone,2016,1323620505,3.754379501,457.8330917,611164907.2,-13.7904676,2291348199,10.88328586,NA,1.27439924,7328838,2.164441213,3.5,3.2,3.1,3.16666666666667,3.2416666666666676
Sierra Leone,2017,1631693416,20.10456096,466.9450694,637792406.8,3.35884721,2435434672,18.2198092,NA,1.292682586,7488431,2.154231955,3.5,3.2,3.1,3.16666666666667,3.2416666666666676
Somalia,2005,NA,NA,NA,NA,NA,NA,NA,NA,NA,10446863,3.077643583,NA,NA,NA,NA,NA
Somalia,2006,NA,NA,NA,NA,NA,NA,NA,NA,NA,10763905,2.989666515,NA,NA,NA,NA,NA
Somalia,2007,NA,NA,NA,NA,NA,NA,NA,NA,NA,11080121,2.895419473,NA,NA,NA,NA,NA
Somalia,2008,NA,NA,NA,NA,NA,NA,NA,NA,NA,11397188,2.821405647,NA,NA,NA,NA,NA
Somalia,2009,NA,NA,NA,NA,NA,NA,NA,NA,NA,11717692,2.773317812,NA,NA,NA,NA,NA
Somalia,2010,NA,NA,NA,NA,NA,NA,NA,NA,NA,12043883,2.745705976,NA,NA,NA,NA,NA
Somalia,2011,NA,NA,NA,NA,NA,NA,NA,NA,NA,12376302,2.722661885,NA,NA,NA,NA,NA
Somalia,2012,NA,NA,NA,NA,NA,NA,NA,NA,NA,12715510,2.703899313,NA,NA,NA,NA,NA
Somalia,2013,NA,7.659879936,NA,NA,NA,NA,NA,NA,NA,13063706,2.701534265,NA,NA,NA,NA,NA
Somalia,2014,NA,7.813460999,NA,NA,NA,NA,NA,NA,NA,13423576,2.717471318,NA,NA,NA,NA,NA
Somalia,2015,NA,7.483326589,NA,NA,NA,NA,NA,NA,NA,13797201,2.74531815,NA,NA,NA,NA,NA
Somalia,2016,NA,7.956169061,NA,NA,NA,NA,NA,NA,NA,14185613,2.776253649,NA,NA,NA,NA,NA
Somalia,2017,NA,8.516297874,NA,NA,NA,NA,NA,NA,NA,14589119,2.80476949,1.83333333333333,2,1.8,1.66666666666667,1.8250000000000002
South Sudan,2005,NA,NA,NA,NA,NA,NA,NA,NA,NA,7535932,4.37488994,NA,NA,NA,NA,NA
South Sudan,2006,NA,NA,NA,NA,NA,NA,NA,NA,NA,7907406,4.81172748,NA,NA,NA,NA,NA
South Sudan,2007,NA,NA,NA,NA,NA,NA,NA,NA,NA,8315139,5.02780406,NA,NA,NA,NA,NA
South Sudan,2008,8855559580,NA,1624.462764,2171964344,NA,4621505457,NA,NA,NA,8736939,4.948207021,NA,NA,NA,NA,NA
South Sudan,2009,9815828742,NA,1630.711167,1716652966,NA,4129504601,5.006273615,NA,NA,9142259,4.53476108,NA,NA,NA,NA,NA
South Sudan,2010,9662024383,NA,1654.055676,1618291466,NA,4640982255,1.169621803,NA,NA,9508364,3.926432203,NA,NA,NA,NA,NA
South Sudan,2011,9462136321,NA,1525.584853,1736236251,NA,4518617154,47.30529125,NA,NA,9830698,3.333810644,NA,NA,NA,NA,NA
South Sudan,2012,767869701.4,1.552733098,799.5501707,812261255.6,NA,2925753798,45.07825706,NA,NA,10113647,2.837576117,1.83333333333333,2.3,2,2.33333333333333,2.116666666666665
South Sudan,2013,1532283125,-5.981462542,883.4432432,955575296.3,NA,3237805976,-0.039381326,NA,NA,10355036,2.358727149,1.83333333333333,2.2,2,2.33333333333333,2.091666666666665
South Sudan,2014,2341328615,0.007798698,895.9632255,931685913.9,-9.377225651,3402934081,1.655223598,NA,0.014949594,10554883,1.911562502,1.83333,2.1,1.9,2.16667,2
South Sudan,2015,1404797169,0.001212175,787.2805079,950195946,-4.727262677,2007731095,52.81465207,NA,9.202185256,10715658,1.511743983,1.5,2.1,1.7,2.16667,1.8666675
South Sudan,2016,786686426.2,-0.255626634,691.687534,950195946,-4.827952273,1666416806,379.8480206,NA,35.26670634,10832512,1.084594613,1,1.8,1.5,2,1.575
South Sudan,2017,NA,NA,NA,NA,NA,NA,187.8516257,NA,NA,10910759,0.719738422,1,1.7,1.4,2,1.525
Sudan,2005,6347861522,5.887717869,1206.513668,9859134375,11.88831881,11884596938,8.516734349,NA,2.653348272,30949516,2.404558001,2.83333333333333,2.3,2.4,2.83333333333333,2.591666666666665
Sudan,2006,8484749209,5.141568882,1291.569295,11423990759,14.06533113,11361994845,7.196736744,NA,2.23555253,31661823,2.275427246,2.7,2.3,2.3,2.8,2.525
Sudan,2007,10438255975,3.277591068,1401.199013,12263873029,17.5143593,11395658329,7.976023489,NA,2.178068957,32360621,2.183064903,2.66666666666667,2.4,2.3,2.66666666666667,2.508333333333335
Sudan,2008,12841542202,3.031769659,1469.971772,12992237152,19.960832,11429115005,14.30651248,NA,2.917157252,33060837,2.140712731,2.7,2.3,2.3,2.7,2.5
Sudan,2009,12326154571,3.247961635,1477.736636,13135152304,11.80151376,10593557447,11.24854637,NA,2.623499822,33783788,2.163163278,2.66666666666667,2.3,2.2,2.66666666666667,2.4583333333333353
Sudan,2010,12958469167,3.144296497,1489.876911,13186521422,18.09196067,11310142671,13.24539414,NA,2.217653891,34545013,2.228215581,2.66666666666667,2.4,2.2,2.5,2.4416666666666673
Sudan,2011,12530071236,2.576038649,1597.977397,12524748736,18.66748471,10944844517,18.09226225,NA,1.224200347,35349681,2.302617,2.33333333333333,2.4,2.2,2.5,2.3583333333333325
Sudan,2012,8974142316,3.392938459,1786.997305,9624029759,11.82760641,4139031182,35.56524887,NA,0.874624181,36193783,2.359799549,2.16666666666667,2.4,2.2,2.5,2.3166666666666673
Sudan,2013,9231984642,2.34213857,1821.310172,10425277311,-15.15790796,6778181825,36.52114404,NA,0.859641604,37072550,2.398943982,2.16666666666667,2.4,2.2,2.66666666666667,2.358333333333335
Sudan,2014,9504961490,1.523136574,1825.541037,10428682694,14.76070963,6033694635,36.90664279,NA,0.616612328,37977655,2.412115688,2.33333,2.5,2.2,2.66667,2.425
Sudan,2015,9837635103,1.78658495,1869.552756,10897973422,12.62199031,6184536931,16.90945571,NA,0.156490887,38902950,2.407212277,2.33333333333333,2.5,2.2,2.66666666666667,2.4250000000000003
Sudan,2016,10240978201,1.113214046,1911.025651,11301198553,11.57601309,6122691505,NA,NA,0.160542405,39847440,2.398807904,2.5,2.5,2.2,2.66666666666667,2.4666666666666677
Sudan,2017,10599011799,0.865720575,1945.709596,11640755420,13.05852889,6060532134,NA,NA,0.173043601,40813396,2.395219858,2.16666666666667,2.5,2.2,2.66666666666667,2.383333333333335
Tanzania,2005,5113704261,5.084614661,637.0056222,5955669381,25.16795695,5976878519,5.034570093,NA,0.105257088,38450320,2.823744969,4.5,3.8,3.8,3.66666666666667,3.9416666666666678
Tanzania,2006,4589711137,2.161114459,659.8043503,6910940280,27.41915215,6658292022,7.250972621,NA,0.082471919,39548663,2.816486992,4.5,3.8,3.8,3.7,3.95
Tanzania,2007,5219346374,2.662169681,684.8840491,7913026621,26.34754856,7816449416,7.02551437,NA,0.116562596,40681414,2.823944134,4.33333333333333,3.8,3.7,3.66666666666667,3.8749999999999996
Tanzania,2008,5646389985,4.950614566,703.5884945,8906424351,29.25151358,7996028072,10.27839376,NA,0.131775935,41853944,2.841470416,4.3,3.7,3.5,3.8,3.825
Tanzania,2009,5903746396,3.275733534,719.7230784,8835585085,29.25225259,7832376087,12.14222787,NA,0.136950281,43073834,2.872967915,4.33333333333333,3.7,3.5,3.83333333333333,3.8416666666666655
Tanzania,2010,6277203238,5.663727899,743.4037847,9850966648,25.07110552,8974526067,6.200155956,NA,1.075419709,44346525,2.91186387,4.16666666666667,3.7,3.3,3.83333333333333,3.75
Tanzania,2011,6876310405,3.547208559,777.2272184,11990957118,22.57825528,11274319200,12.69096947,NA,1.18175756,45673338,2.94803624,4.16666666666667,3.5,3.3,3.83333333333333,3.6999999999999997
Tanzania,2012,7926574117,4.538769413,788.4391516,12110592073,25.81937055,11206534670,16.00109385,NA,0.983943685,47052481,2.97488817,4.16666666666667,3.7,3.3,3.83333333333333,3.75
Tanzania,2013,7660991630,4.569257822,817.1226341,14224377887,27.01681244,12432470814,7.870723646,NA,0.836090917,48482266,2.993448581,4,3.8,3.4,3.83333333333333,3.7583333333333324
Tanzania,2014,8313125047,3.347458245,846.3868415,15251549559,27.74117318,12841220563,6.13161433,NA,0.779517819,49959822,3.002104081,4,3.8,3.4,3.83333,3.7583325
Tanzania,2015,8425218198,3.386722388,871.9983686,16331511393,25.32275031,12170638279,5.58816953,NA,0.818446347,51482633,3.00254051,4,3.7,3.3,3.66667,3.6666675
Tanzania,2016,8424876645,2.743173593,904.3818923,18942943660,27.99112177,11088089895,5.174766293,NA,0.808717982,53050790,3.000522906,4,3.7,3.4,3.66666666666667,3.6916666666666673
Tanzania,2017,8081776443,2.213421549,937.3014916,21929171743,30.53584045,10296314063,5.318716052,NA,0.755120021,54663906,2.995388132,4,3.7,3.4,3.5,3.65
Togo,2005,1098088362,4.207946747,492.2650956,343550418.5,12.79287881,1811337214,6.78292893,NA,8.440870778,5611640,2.597288842,2,2.6,2.2,3.16666666666667,2.4916666666666676
Togo,2006,993529060,3.886602432,498.7712624,377304698.4,14.67513255,1533817311,2.228977794,NA,9.8816354,5762880,2.659433782,2,2.6,2.2,3.16666666666667,2.4916666666666676
Togo,2007,954675194.9,2.343818744,496.6244106,346435525.9,40.9180197,1414892742,0.945673272,NA,10.69721386,5920359,2.69597392,2.16666666666667,2.6,2.2,3.16666666666667,2.533333333333335
Togo,2008,988334860.2,1.531207146,502.9461956,377955130.4,NA,1292120803,8.694828144,NA,10.18221046,6083420,2.716994889,2.7,2.7,2.2,3.2,2.7
Togo,2009,1193932572,1.37025618,516.5826156,462989492.3,17.66577359,1812173168,3.71360592,NA,9.938694277,6250835,2.714801699,2.83333333333333,2.7,2.4,3.16666666666667,2.775
Togo,2010,1274377772,3.646858984,533.508792,571901320.7,18.16504415,1818383450,1.445945174,NA,9.824731572,6421679,2.696455516,3,2.8,2.6,3.16666666666667,2.8916666666666675
Togo,2011,1411163108,18.81778088,552.6466687,605907246.3,20.74996676,1970802392,3.563514729,NA,6.312628895,6595943,2.677515307,3.16666666666667,3,2.8,3,2.991666666666667
Togo,2012,3081938854,3.13715186,573.34842,896877237.7,16.92484934,3396707886,2.577181741,NA,8.900417165,6773807,2.660849964,3,3,2.7,3.16666666666667,2.9666666666666672
Togo,2013,2580635907,4.2483543,592.5672301,924608869.5,16.86958715,5985006405,1.825394759,NA,9.197215999,6954721,2.635744685,3,3.1,2.6,3.16666666666667,2.9666666666666672
Togo,2014,2503416788,1.180776169,611.5350691,994373130.3,14.52551874,5799902217,0.190875076,NA,9.352189735,7137997,2.601149524,3,3.2,2.6,3.16667,2.9916675
Togo,2015,2507276090,6.167622244,630.3045049,1168906906,16.46617632,6594650228,2.585003908,NA,8.700154024,7323158,2.560945092,2.83333333333333,3.3,2.6,3.16666666666667,2.9749999999999996
Togo,2016,2310250776,-1.048196012,644.856576,1209255208,18.8084646,5241197857,1.285448471,NA,8.310877162,7509952,2.518741857,2.83333333333333,3.4,2.7,3.16666666666667,3.025
Togo,2017,2307751764,1.853596749,657.0547673,1081029597,21.72709763,5219465611,-0.981889869,NA,8.447848184,7698475,2.479318302,3.16666666666667,3.4,2.8,3.16666666666667,3.133333333333335
Uganda,2005,1863840524,4.213615704,494.9980105,3081132266,21.14187954,3089638121,8.448726423,NA,3.570162038,27684585,3.167952398,4.5,3.9,3.3,3.83333333333333,3.8833333333333324
Uganda,2006,2008540599,6.479820608,531.3598917,3702743736,17.56237102,3692627771,7.310676136,NA,4.133728519,28571475,3.15330824,4.5,3.9,3.3,3.83333333333333,3.8833333333333324
Uganda,2007,2252348769,6.44527613,558.1869187,4292572075,16.4911245,4296635524,6.138510833,NA,3.673462321,29486338,3.151819494,4.5,3.9,3.3,3.83333333333333,3.8833333333333324
Uganda,2008,4154237535,5.118755092,587.9471315,4552149560,22.50216389,5042917319,12.05085555,NA,5.081253245,30431736,3.155897382,4.5,3.8,3.4,3.8,3.875
Uganda,2009,3798430709,4.631929852,608.358158,4666183450,17.88252816,5892061061,13.01725619,NA,4.29908925,31411096,3.167519504,4.5,3.8,3.3,3.83333333333333,3.858333333333333
Uganda,2010,3458309596,2.694240313,622.4988457,5093862267,19.1866113,5770920613,3.976552885,NA,3.8183403,32428167,3.186619069,4.33333333333333,3.7,3.2,3.83333333333333,3.7666666666666653
Uganda,2011,3648079554,4.432458062,659.6289584,5764541738,18.34058857,6621874052,16.56434962,NA,4.045553078,33476919,3.182881931,4.16666666666667,3.7,3.2,4,3.7666666666666675
Uganda,2012,4158372016,5.214905193,663.4924025,5932262777,19.39344144,7016776861,12.67903772,NA,3.951079855,34559168,3.181665327,4.16666666666667,3.7,3,4,3.7166666666666677
Uganda,2013,4447302880,4.45536594,665.4167275,6516827406,21.06432103,7082907843,4.905208757,NA,3.823908793,35695246,3.234464508,4.16666666666667,3.7,3,4,3.7166666666666677
Uganda,2014,4447204839,3.878679473,676.3376331,6664823191,19.72899632,6624517576,3.07570669,NA,3.252290847,36912148,3.352319631,4.16667,3.7,3.1,4,3.7416675
Uganda,2015,4341738569,2.721697434,686.9827784,6628930839,17.08590377,7567938487,5.589686063,NA,3.32866907,38225453,3.496089167,4.16667,3.7,3.1,4,3.7416675
Uganda,2016,4468930796,2.592662078,694.009088,7185148740,19.6149183,6861701989,5.706375046,NA,4.748762616,39647506,3.65264431,4,3.5,3,4,3.625
Uganda,2017,4320549498,3.087913666,694.2895341,7151304822,19.84881537,5869260888,5.209717059,NA,4.484475863,41162465,3.749875169,4.16666666666667,3.5,3,3.83333333333333,3.625
Zambia,2005,3437646203,4.284032189,1126.031936,NA,NA,2697690459,18.3244397,NA,0.634551414,11856247,2.611388183,3.33333333333333,3.4,3.2,3.33333333333333,3.316666666666665
Zambia,2006,3795946155,4.827128722,1183.363859,NA,NA,2666552563,9.019572472,NA,0.452148922,12173514,2.640770646,3.66666666666667,3.4,3.2,3.33333333333333,3.4
Zambia,2007,4202537929,9.418111673,1248.418424,NA,NA,4157599779,10.6573496,NA,0.421855142,12502958,2.670264818,3.66666666666667,3.4,3.2,3.66666666666667,3.4833333333333347
Zambia,2008,3967021430,5.240508113,1309.281649,NA,NA,5022736820,12.44557935,NA,0.380746682,12848530,2.72641516,3.7,3.5,3.2,3.7,3.5250000000000004
Zambia,2009,6399903400,4.532779776,1390.331446,NA,NA,4347040524,13.39525463,NA,0.269200669,13215139,2.813365844,3.5,3.5,3.2,3.5,3.425
Zambia,2010,7503512539,8.53319779,1489.45907,5247712159,31.43335714,6256988597,8.501761334,NA,0.215426171,13605984,2.914662962,3.5,3.5,3.1,3.66666666666667,3.4416666666666673
Zambia,2011,NA,4.725044132,1525.562575,NA,30.67913556,NA,6.429396811,NA,0.197257275,14023193,3.020290578,3.66666666666667,3.4,3.1,3.66666666666667,3.458333333333335
Zambia,2012,NA,6.78929864,1591.319994,NA,35.86171032,NA,6.575899708,NA,0.285703411,14465121,3.102770166,3.66666666666667,3.3,3.2,3.66666666666667,3.4583333333333353
Zambia,2013,NA,7.487129706,1620.154036,NA,32.93876068,NA,6.977676055,NA,0.192474152,14926504,3.139812131,3.5,3.3,3.2,3.66666666666667,3.4166666666666674
Zambia,2014,NA,5.553462171,1644.10679,NA,32.50040185,NA,7.806875536,NA,0.214729091,15399753,3.121304561,3.5,3.3,3.2,3.66667,3.4166675
Zambia,2015,NA,7.481503019,1641.005482,NA,34.00379908,NA,10.11059289,NA,0.222396051,15879361,3.066874538,3,3.3,3.2,3.66667,3.2916675
Zambia,2016,NA,3.163071843,1652.284458,NA,31.3459855,NA,17.86973008,NA,0.183559493,16363507,3.003345679,3,3.3,3.2,3.66666666666667,3.2916666666666674
Zambia,2017,NA,3.347372543,1658.823207,NA,NA,NA,6.577311542,NA,0.362005493,16853688,2.951583275,2.83333333333333,3.3,3.2,3.83333333333333,3.2916666666666647
Zimbabwe,2005,3927050214,1.786206014,971.266723,NA,NA,3842950555,NA,NA,NA,12076699,0.471328563,1,2,2.1,2.16666666666667,1.8166666666666673
Zimbabwe,2006,3575875833,0.734767827,931.56854,NA,NA,3586218561,NA,NA,NA,12155491,0.650310828,1,2,1.9,2.2,1.7750000000000001
Zimbabwe,2007,3225927883,1.301977507,890.1804546,NA,NA,3131952898,NA,NA,NA,12255922,0.82282469,1,1.8,1.8,2,1.65
Zimbabwe,2008,2545762147,1.168556906,725.5759737,NA,NA,3496758316,NA,NA,NA,12379549,1.003658812,1,1.5,1.6,1.5,1.4
Zimbabwe,2009,2448408456,1.086305042,803.2220286,1087946863,-9.89858657,5317417019,NA,NA,12.47344021,12526968,1.183792351,1.66666666666667,1.6,2,2.16666666666667,1.8583333333333352
Zimbabwe,2010,3569254400,1.018021731,948.3318545,2048493900,-4.490153096,6440274000,3.034478884,NA,11.7363322,12697723,1.353892567,1.66666666666667,1.8,2.1,2.33333333333333,1.975
Zimbabwe,2011,3751452702,2.441511459,1066.426265,1934520815,-2.46715767,5892849418,3.477797293,NA,13.61145122,12894316,1.536390806,1.83333333333333,2.4,2.2,2.33333333333333,2.191666666666665
Zimbabwe,2012,3628617191,2.044131278,1223.203432,2430076969,-14.0589714,7065844414,3.72108722,NA,12.34939062,13115131,1.698000772,2,2.4,2.2,2.33333333333333,2.2333333333333325
Zimbabwe,2013,3197663254,1.954060076,1225.558112,1858251630,-4.940879119,5332706718,1.631622019,NA,9.901364479,13350356,1.777644933,2,2.5,2.2,2.33333333333333,2.2583333333333324
Zimbabwe,2014,3321706238,2.425172602,1232.864865,2094796693,-3.032173738,5354919655,-0.212939905,NA,9.766197006,13586681,1.754692348,2.33333333333333,3.1,2.7,2.5,2.6583333333333323
Zimbabwe,2015,4929784970,1.999687364,1234.103352,2210957369,-8.203919933,9671304385,-2.409499988,NA,10.25180305,13814629,1.663812851,2.66666666666667,3.3,2.8,2.66666666666667,2.8583333333333347
Zimbabwe,2016,5965078804,1.669274353,1224.309922,2221887145,-1.218866106,9354450704,-1.566412967,NA,9.032381167,14030390,1.549758816,2.33333333333333,3.4,2.8,2.33333333333333,2.716666666666665
Zimbabwe,2017,6251801326,1.083538461,1263.321322,2733422357,-3.370166276,9658274856,0.90973329,NA,7.582882788,14236745,1.460060709,2.33333333333333,3.5,2.8,2.5,2.7833333333333323
